name,total_bytes_sent,total_bytes_recv,total_packets_sent,total_packets_recv,total_errin,total_errout,total_dropout,eventType,date,bytes_sent,bytes_recv,packets_sent,packets_recv,errin,errout,dropout
lo,988677,988677,9952,9952,0,0,0,4,1620552620,0,0,0,0,0,0,0
wlp1s0,0,0,0,0,0,0,0,4,1620552620,0,0,0,0,0,0,0
br-60d9c712ffd0,0,0,0,0,0,0,0,4,1620552620,0,0,0,0,0,0,0
docker0,0,0,0,0,0,0,0,4,1620552620,0,0,0,0,0,0,0
enx00e04c6acbf8,12764385,90090322,72726,141577,0,0,0,4,1620552620,0,0,0,0,0,0,0
lo,1003928,1003928,10092,10092,0,0,0,4,1620552740,15251,15251,140,140,0,0,0
wlp1s0,0,0,0,0,0,0,0,4,1620552740,0,0,0,0,0,0,0
br-60d9c712ffd0,0,0,0,0,0,0,0,4,1620552740,0,0,0,0,0,0,0
docker0,0,0,0,0,0,0,0,4,1620552740,0,0,0,0,0,0,0
enx00e04c6acbf8,14188241,257169631,88932,255614,0,0,0,4,1620552740,1423856,167079309,16206,114037,0,0,0
lo,1040942,1040942,10404,10404,0,0,0,4,1620552861,52265,52265,452,452,0,0,0
wlp1s0,0,0,0,0,0,0,0,4,1620552861,0,0,0,0,0,0,0
br-60d9c712ffd0,0,0,0,0,0,0,0,4,1620552861,0,0,0,0,0,0,0
docker0,0,0,0,0,0,0,0,4,1620552861,0,0,0,0,0,0,0
enx00e04c6acbf8,15344463,271449631,94889,269136,0,0,0,4,1620552861,2580078,181359309,22163,127559,0,0,0
lo,1058008,1058008,10554,10554,0,0,0,4,1620552981,69331,69331,602,602,0,0,0
wlp1s0,0,0,0,0,0,0,0,4,1620552981,0,0,0,0,0,0,0
br-60d9c712ffd0,0,0,0,0,0,0,0,4,1620552981,0,0,0,0,0,0,0
docker0,0,0,0,0,0,0,0,4,1620552981,0,0,0,0,0,0,0
enx00e04c6acbf8,16225139,291684970,99788,285921,0,0,0,4,1620552981,3460754,201594648,27062,144344,0,0,0
lo,1070867,1070867,10670,10670,0,0,0,4,1620553101,82190,82190,718,718,0,0,0
wlp1s0,0,0,0,0,0,0,0,4,1620553101,0,0,0,0,0,0,0
br-60d9c712ffd0,0,0,0,0,0,0,0,4,1620553101,0,0,0,0,0,0,0
docker0,0,0,0,0,0,0,0,4,1620553101,0,0,0,0,0,0,0
enx00e04c6acbf8,17755257,454552228,116779,396738,0,0,0,4,1620553101,4990872,364461906,44053,255161,0,0,0
lo,1077783,1077783,10739,10739,0,0,0,4,1620553221,89106,89106,787,787,0,0,0
wlp1s0,0,0,0,0,0,0,0,4,1620553221,0,0,0,0,0,0,0
br-60d9c712ffd0,0,0,0,0,0,0,0,4,1620553221,0,0,0,0,0,0,0
docker0,0,0,0,0,0,0,0,4,1620553221,0,0,0,0,0,0,0
enx00e04c6acbf8,17958396,455046775,117707,397819,0,0,0,4,1620553221,5194011,364956453,44981,256242,0,0,0
lo,1084225,1084225,10800,10800,0,0,0,4,1620553341,95548,95548,848,848,0,0,0
wlp1s0,0,0,0,0,0,0,0,4,1620553341,0,0,0,0,0,0,0
br-60d9c712ffd0,0,0,0,0,0,0,0,4,1620553341,0,0,0,0,0,0,0
docker0,0,0,0,0,0,0,0,4,1620553341,0,0,0,0,0,0,0
enx00e04c6acbf8,20571939,737268826,155763,587700,0,0,0,4,1620553341,7807554,647178504,83037,446123,0,0,0
lo,1091992,1091992,10871,10871,0,0,0,4,1620553461,103315,103315,919,919,0,0,0
wlp1s0,0,0,0,0,0,0,0,4,1620553461,0,0,0,0,0,0,0
br-60d9c712ffd0,0,0,0,0,0,0,0,4,1620553461,0,0,0,0,0,0,0
docker0,0,0,0,0,0,0,0,4,1620553461,0,0,0,0,0,0,0
enx00e04c6acbf8,20712553,737574919,156440,588476,0,0,0,4,1620553461,7948168,647484597,83714,446899,0,0,0
lo,1101048,1101048,10967,10967,0,0,0,4,1620553581,112371,112371,1015,1015,0,0,0
wlp1s0,0,0,0,0,0,0,0,4,1620553581,0,0,0,0,0,0,0
br-60d9c712ffd0,0,0,0,0,0,0,0,4,1620553581,0,0,0,0,0,0,0
docker0,0,0,0,0,0,0,0,4,1620553581,0,0,0,0,0,0,0
enx00e04c6acbf8,21018439,740944924,158272,592007,0,0,0,4,1620553581,8254054,650854602,85546,450430,0,0,0
lo,1104790,1104790,10997,10997,0,0,0,4,1620553701,116113,116113,1045,1045,0,0,0
wlp1s0,0,0,0,0,0,0,0,4,1620553701,0,0,0,0,0,0,0
br-60d9c712ffd0,0,0,0,0,0,0,0,4,1620553701,0,0,0,0,0,0,0
docker0,0,0,0,0,0,0,0,4,1620553701,0,0,0,0,0,0,0
enx00e04c6acbf8,22647609,944770568,182351,728932,0,0,0,4,1620553701,9883224,854680246,109625,587355,0,0,0
lo,1118407,1118407,11127,11127,0,0,0,4,1620553821,129730,129730,1175,1175,0,0,0
wlp1s0,0,0,0,0,0,0,0,4,1620553821,0,0,0,0,0,0,0
br-60d9c712ffd0,0,0,0,0,0,0,0,4,1620553821,0,0,0,0,0,0,0
docker0,0,0,0,0,0,0,0,4,1620553821,0,0,0,0,0,0,0
enx00e04c6acbf8,23128388,954014132,185108,737041,0,0,0,4,1620553821,10364003,863923810,112382,595464,0,0,0
lo,1127764,1127764,11203,11203,0,0,0,4,1620553942,139087,139087,1251,1251,0,0,0
wlp1s0,0,0,0,0,0,0,0,4,1620553942,0,0,0,0,0,0,0
br-60d9c712ffd0,0,0,0,0,0,0,0,4,1620553942,0,0,0,0,0,0,0
docker0,0,0,0,0,0,0,0,4,1620553942,0,0,0,0,0,0,0
enx00e04c6acbf8,23419242,954305991,185766,737703,0,0,0,4,1620553942,10654857,864215669,113040,596126,0,0,0
lo,1130140,1130140,11223,11223,0,0,0,4,1620554062,141463,141463,1271,1271,0,0,0
wlp1s0,0,0,0,0,0,0,0,4,1620554062,0,0,0,0,0,0,0
br-60d9c712ffd0,0,0,0,0,0,0,0,4,1620554062,0,0,0,0,0,0,0
docker0,0,0,0,0,0,0,0,4,1620554062,0,0,0,0,0,0,0
enx00e04c6acbf8,23496169,954908927,186304,738588,0,0,0,4,1620554062,10731784,864818605,113578,597011,0,0,0
lo,1132172,1132172,11244,11244,0,0,0,4,1620554182,143495,143495,1292,1292,0,0,0
wlp1s0,0,0,0,0,0,0,0,4,1620554182,0,0,0,0,0,0,0
br-60d9c712ffd0,0,0,0,0,0,0,0,4,1620554182,0,0,0,0,0,0,0
docker0,0,0,0,0,0,0,0,4,1620554182,0,0,0,0,0,0,0
enx00e04c6acbf8,23827282,996634798,189996,770223,0,0,0,4,1620554182,11062897,906544476,117270,628646,0,0,0
lo,1140357,1140357,11332,11332,0,0,0,4,1620554302,151680,151680,1380,1380,0,0,0
wlp1s0,0,0,0,0,0,0,0,4,1620554302,0,0,0,0,0,0,0
br-60d9c712ffd0,0,0,0,0,0,0,0,4,1620554302,0,0,0,0,0,0,0
docker0,0,0,0,0,0,0,0,4,1620554302,0,0,0,0,0,0,0
enx00e04c6acbf8,24082363,997692712,191258,771971,0,0,0,4,1620554302,11317978,907602390,118532,630394,0,0,0
lo,1145802,1145802,11388,11388,0,0,0,4,1620554422,157125,157125,1436,1436,0,0,0
wlp1s0,0,0,0,0,0,0,0,4,1620554422,0,0,0,0,0,0,0
br-60d9c712ffd0,0,0,0,0,0,0,0,4,1620554422,0,0,0,0,0,0,0
docker0,0,0,0,0,0,0,0,4,1620554422,0,0,0,0,0,0,0
enx00e04c6acbf8,24225300,998034735,191962,772827,0,0,0,4,1620554422,11460915,907944413,119236,631250,0,0,0
lo,1147164,1147164,11400,11400,0,0,0,4,1620554542,158487,158487,1448,1448,0,0,0
wlp1s0,0,0,0,0,0,0,0,4,1620554542,0,0,0,0,0,0,0
br-60d9c712ffd0,0,0,0,0,0,0,0,4,1620554542,0,0,0,0,0,0,0
docker0,0,0,0,0,0,0,0,4,1620554542,0,0,0,0,0,0,0
enx00e04c6acbf8,24269370,998087176,192199,773092,0,0,0,4,1620554542,11504985,907996854,119473,631515,0,0,0
lo,1147958,1147958,11406,11406,0,0,0,4,1620554662,159281,159281,1454,1454,0,0,0
wlp1s0,0,0,0,0,0,0,0,4,1620554662,0,0,0,0,0,0,0
br-60d9c712ffd0,0,0,0,0,0,0,0,4,1620554662,0,0,0,0,0,0,0
docker0,0,0,0,0,0,0,0,4,1620554662,0,0,0,0,0,0,0
enx00e04c6acbf8,24303484,998143321,192458,773398,0,0,0,4,1620554662,11539099,908052999,119732,631821,0,0,0
lo,1150864,1150864,11436,11436,0,0,0,4,1620554782,162187,162187,1484,1484,0,0,0
wlp1s0,0,0,0,0,0,0,0,4,1620554782,0,0,0,0,0,0,0
br-60d9c712ffd0,0,0,0,0,0,0,0,4,1620554782,0,0,0,0,0,0,0
docker0,0,0,0,0,0,0,0,4,1620554782,0,0,0,0,0,0,0
enx00e04c6acbf8,24382076,999007000,192969,774368,0,0,0,4,1620554782,11617691,908916678,120243,632791,0,0,0
lo,1152441,1152441,11448,11448,0,0,0,4,1620554902,163764,163764,1496,1496,0,0,0
wlp1s0,0,0,0,0,0,0,0,4,1620554902,0,0,0,0,0,0,0
br-60d9c712ffd0,0,0,0,0,0,0,0,4,1620554902,0,0,0,0,0,0,0
docker0,0,0,0,0,0,0,0,4,1620554902,0,0,0,0,0,0,0
enx00e04c6acbf8,24436360,999083653,193256,774683,0,0,0,4,1620554902,11671975,908993331,120530,633106,0,0,0
lo,1154225,1154225,11462,11462,0,0,0,4,1620555023,165548,165548,1510,1510,0,0,0
wlp1s0,0,0,0,0,0,0,0,4,1620555023,0,0,0,0,0,0,0
br-60d9c712ffd0,0,0,0,0,0,0,0,4,1620555023,0,0,0,0,0,0,0
docker0,0,0,0,0,0,0,0,4,1620555023,0,0,0,0,0,0,0
enx00e04c6acbf8,24497779,999719585,193766,775536,0,0,0,4,1620555023,11733394,909629263,121040,633959,0,0,0
lo,1154647,1154647,11466,11466,0,0,0,4,1620555143,165970,165970,1514,1514,0,0,0
wlp1s0,0,0,0,0,0,0,0,4,1620555143,0,0,0,0,0,0,0
br-60d9c712ffd0,0,0,0,0,0,0,0,4,1620555143,0,0,0,0,0,0,0
docker0,0,0,0,0,0,0,0,4,1620555143,0,0,0,0,0,0,0
enx00e04c6acbf8,24518048,999735147,193902,775667,0,0,0,4,1620555143,11753663,909644825,121176,634090,0,0,0
lo,1156909,1156909,11485,11485,0,0,0,4,1620555263,168232,168232,1533,1533,0,0,0
wlp1s0,0,0,0,0,0,0,0,4,1620555263,0,0,0,0,0,0,0
br-60d9c712ffd0,0,0,0,0,0,0,0,4,1620555263,0,0,0,0,0,0,0
docker0,0,0,0,0,0,0,0,4,1620555263,0,0,0,0,0,0,0
enx00e04c6acbf8,24540670,999757173,194078,775829,0,0,0,4,1620555263,11776285,909666851,121352,634252,0,0,0
lo,1157887,1157887,11493,11493,0,0,0,4,1620555383,169210,169210,1541,1541,0,0,0
wlp1s0,0,0,0,0,0,0,0,4,1620555383,0,0,0,0,0,0,0
br-60d9c712ffd0,0,0,0,0,0,0,0,4,1620555383,0,0,0,0,0,0,0
docker0,0,0,0,0,0,0,0,4,1620555383,0,0,0,0,0,0,0
enx00e04c6acbf8,24556701,999778806,194203,776011,0,0,0,4,1620555383,11792316,909688484,121477,634434,0,0,0
lo,1159296,1159296,11503,11503,0,0,0,4,1620555503,170619,170619,1551,1551,0,0,0
wlp1s0,0,0,0,0,0,0,0,4,1620555503,0,0,0,0,0,0,0
br-60d9c712ffd0,0,0,0,0,0,0,0,4,1620555503,0,0,0,0,0,0,0
docker0,0,0,0,0,0,0,0,4,1620555503,0,0,0,0,0,0,0
enx00e04c6acbf8,24584515,999815201,194377,776229,0,0,0,4,1620555503,11820130,909724879,121651,634652,0,0,0
lo,1160961,1160961,11517,11517,0,0,0,4,1620555623,172284,172284,1565,1565,0,0,0
wlp1s0,0,0,0,0,0,0,0,4,1620555623,0,0,0,0,0,0,0
br-60d9c712ffd0,0,0,0,0,0,0,0,4,1620555623,0,0,0,0,0,0,0
docker0,0,0,0,0,0,0,0,4,1620555623,0,0,0,0,0,0,0
enx00e04c6acbf8,24614428,999858231,194578,776484,0,0,0,4,1620555623,11850043,909767909,121852,634907,0,0,0
lo,1162371,1162371,11529,11529,0,0,0,4,1620555743,173694,173694,1577,1577,0,0,0
wlp1s0,0,0,0,0,0,0,0,4,1620555743,0,0,0,0,0,0,0
br-60d9c712ffd0,0,0,0,0,0,0,0,4,1620555743,0,0,0,0,0,0,0
docker0,0,0,0,0,0,0,0,4,1620555743,0,0,0,0,0,0,0
enx00e04c6acbf8,24795804,1000491381,195075,777251,0,0,0,4,1620555743,12031419,910401059,122349,635674,0,0,0
lo,1163759,1163759,11539,11539,0,0,0,4,1620555863,175082,175082,1587,1587,0,0,0
wlp1s0,0,0,0,0,0,0,0,4,1620555863,0,0,0,0,0,0,0
br-60d9c712ffd0,0,0,0,0,0,0,0,4,1620555863,0,0,0,0,0,0,0
docker0,0,0,0,0,0,0,0,4,1620555863,0,0,0,0,0,0,0
enx00e04c6acbf8,24842494,1001112190,195433,777965,0,0,0,4,1620555863,12078109,911021868,122707,636388,0,0,0
lo,1171549,1171549,11605,11605,0,0,0,4,1620555983,182872,182872,1653,1653,0,0,0
wlp1s0,0,0,0,0,0,0,0,4,1620555983,0,0,0,0,0,0,0
br-60d9c712ffd0,0,0,0,0,0,0,0,4,1620555983,0,0,0,0,0,0,0
docker0,0,0,0,0,0,0,0,4,1620555983,0,0,0,0,0,0,0
enx00e04c6acbf8,25191373,1004037554,197056,781154,0,0,0,4,1620555983,12426988,913947232,124330,639577,0,0,0
lo,1182332,1182332,11705,11705,0,0,0,4,1620556103,193655,193655,1753,1753,0,0,0
wlp1s0,0,0,0,0,0,0,0,4,1620556103,0,0,0,0,0,0,0
br-60d9c712ffd0,0,0,0,0,0,0,0,4,1620556103,0,0,0,0,0,0,0
docker0,0,0,0,0,0,0,0,4,1620556103,0,0,0,0,0,0,0
enx00e04c6acbf8,25694888,1007650893,199169,784749,0,0,0,4,1620556103,12930503,917560571,126443,643172,0,0,0
lo,1184586,1184586,11727,11727,0,0,0,4,1620556223,195909,195909,1775,1775,0,0,0
wlp1s0,0,0,0,0,0,0,0,4,1620556223,0,0,0,0,0,0,0
br-60d9c712ffd0,0,0,0,0,0,0,0,4,1620556223,0,0,0,0,0,0,0
docker0,0,0,0,0,0,0,0,4,1620556223,0,0,0,0,0,0,0
enx00e04c6acbf8,25773665,1008379981,199703,785624,0,0,0,4,1620556223,13009280,918289659,126977,644047,0,0,0
lo,1186062,1186062,11741,11741,0,0,0,4,1620556344,197385,197385,1789,1789,0,0,0
wlp1s0,0,0,0,0,0,0,0,4,1620556344,0,0,0,0,0,0,0
br-60d9c712ffd0,0,0,0,0,0,0,0,4,1620556344,0,0,0,0,0,0,0
docker0,0,0,0,0,0,0,0,4,1620556344,0,0,0,0,0,0,0
enx00e04c6acbf8,25852540,1010450472,200483,787908,0,0,0,4,1620556344,13088155,920360150,127757,646331,0,0,0
lo,1187477,1187477,11751,11751,0,0,0,4,1620556464,198800,198800,1799,1799,0,0,0
wlp1s0,0,0,0,0,0,0,0,4,1620556464,0,0,0,0,0,0,0
br-60d9c712ffd0,0,0,0,0,0,0,0,4,1620556464,0,0,0,0,0,0,0
docker0,0,0,0,0,0,0,0,4,1620556464,0,0,0,0,0,0,0
enx00e04c6acbf8,25886964,1010527857,200706,788631,0,0,0,4,1620556464,13122579,920437535,127980,647054,0,0,0
lo,1214848,1214848,12023,12023,0,0,0,4,1620556584,226171,226171,2071,2071,0,0,0
wlp1s0,0,0,0,0,0,0,0,4,1620556584,0,0,0,0,0,0,0
br-60d9c712ffd0,0,0,0,0,0,0,0,4,1620556584,0,0,0,0,0,0,0
docker0,0,0,0,0,0,0,0,4,1620556584,0,0,0,0,0,0,0
enx00e04c6acbf8,26009519,1011414558,201529,789712,0,0,0,4,1620556584,13245134,921324236,128803,648135,0,0,0
lo,1220672,1220672,12077,12077,0,0,0,4,1620556704,231995,231995,2125,2125,0,0,0
wlp1s0,0,0,0,0,0,0,0,4,1620556704,0,0,0,0,0,0,0
br-60d9c712ffd0,0,0,0,0,0,0,0,4,1620556704,0,0,0,0,0,0,0
docker0,0,0,0,0,0,0,0,4,1620556704,0,0,0,0,0,0,0
enx00e04c6acbf8,26173914,1014100976,202752,792351,0,0,0,4,1620556704,13409529,924010654,130026,650774,0,0,0
lo,1222514,1222514,12093,12093,0,0,0,4,1620556824,233837,233837,2141,2141,0,0,0
wlp1s0,0,0,0,0,0,0,0,4,1620556824,0,0,0,0,0,0,0
br-60d9c712ffd0,0,0,0,0,0,0,0,4,1620556824,0,0,0,0,0,0,0
docker0,0,0,0,0,0,0,0,4,1620556824,0,0,0,0,0,0,0
enx00e04c6acbf8,26245847,1014231294,203178,792822,0,0,0,4,1620556824,13481462,924140972,130452,651245,0,0,0
lo,1223782,1223782,12103,12103,0,0,0,4,1620556944,235105,235105,2151,2151,0,0,0
wlp1s0,0,0,0,0,0,0,0,4,1620556944,0,0,0,0,0,0,0
br-60d9c712ffd0,0,0,0,0,0,0,0,4,1620556944,0,0,0,0,0,0,0
docker0,0,0,0,0,0,0,0,4,1620556944,0,0,0,0,0,0,0
enx00e04c6acbf8,26274813,1014268912,203353,793071,0,0,0,4,1620556944,13510428,924178590,130627,651494,0,0,0
lo,1225793,1225793,12121,12121,0,0,0,4,1620557064,237116,237116,2169,2169,0,0,0
wlp1s0,0,0,0,0,0,0,0,4,1620557064,0,0,0,0,0,0,0
br-60d9c712ffd0,0,0,0,0,0,0,0,4,1620557064,0,0,0,0,0,0,0
docker0,0,0,0,0,0,0,0,4,1620557064,0,0,0,0,0,0,0
enx00e04c6acbf8,26316118,1014332495,203552,793322,0,0,0,4,1620557064,13551733,924242173,130826,651745,0,0,0
lo,1226925,1226925,12129,12129,0,0,0,4,1620557184,238248,238248,2177,2177,0,0,0
wlp1s0,0,0,0,0,0,0,0,4,1620557184,0,0,0,0,0,0,0
br-60d9c712ffd0,0,0,0,0,0,0,0,4,1620557184,0,0,0,0,0,0,0
docker0,0,0,0,0,0,0,0,4,1620557184,0,0,0,0,0,0,0
enx00e04c6acbf8,26344746,1014367792,203719,793522,0,0,0,4,1620557184,13580361,924277470,130993,651945,0,0,0
lo,1233011,1233011,12187,12187,0,0,0,4,1620557305,244334,244334,2235,2235,0,0,0
wlp1s0,0,0,0,0,0,0,0,4,1620557305,0,0,0,0,0,0,0
br-60d9c712ffd0,0,0,0,0,0,0,0,4,1620557305,0,0,0,0,0,0,0
docker0,0,0,0,0,0,0,0,4,1620557305,0,0,0,0,0,0,0
enx00e04c6acbf8,27188270,1016446870,205358,796135,0,0,0,4,1620557305,14423885,926356548,132632,654558,0,0,0
lo,1238698,1238698,12231,12231,0,0,0,4,1620557425,250021,250021,2279,2279,0,0,0
wlp1s0,0,0,0,0,0,0,0,4,1620557425,0,0,0,0,0,0,0
br-60d9c712ffd0,0,0,0,0,0,0,0,4,1620557425,0,0,0,0,0,0,0
docker0,0,0,0,0,0,0,0,4,1620557425,0,0,0,0,0,0,0
enx00e04c6acbf8,27251144,1016538972,205668,796559,0,0,0,4,1620557425,14486759,926448650,132942,654982,0,0,0
lo,1243541,1243541,12271,12271,0,0,0,4,1620557545,254864,254864,2319,2319,0,0,0
wlp1s0,0,0,0,0,0,0,0,4,1620557545,0,0,0,0,0,0,0
br-60d9c712ffd0,0,0,0,0,0,0,0,4,1620557545,0,0,0,0,0,0,0
docker0,0,0,0,0,0,0,0,4,1620557545,0,0,0,0,0,0,0
enx00e04c6acbf8,27493744,1016651553,206260,797126,0,0,0,4,1620557545,14729359,926561231,133534,655549,0,0,0
lo,1245531,1245531,12289,12289,0,0,0,4,1620557665,256854,256854,2337,2337,0,0,0
wlp1s0,0,0,0,0,0,0,0,4,1620557665,0,0,0,0,0,0,0
br-60d9c712ffd0,0,0,0,0,0,0,0,4,1620557665,0,0,0,0,0,0,0
docker0,0,0,0,0,0,0,0,4,1620557665,0,0,0,0,0,0,0
enx00e04c6acbf8,27551309,1017339966,206699,797913,0,0,0,4,1620557665,14786924,927249644,133973,656336,0,0,0
lo,1246189,1246189,12295,12295,0,0,0,4,1620557785,257512,257512,2343,2343,0,0,0
wlp1s0,0,0,0,0,0,0,0,4,1620557785,0,0,0,0,0,0,0
br-60d9c712ffd0,0,0,0,0,0,0,0,4,1620557785,0,0,0,0,0,0,0
docker0,0,0,0,0,0,0,0,4,1620557785,0,0,0,0,0,0,0
enx00e04c6acbf8,27598788,1018045242,207098,798711,0,0,0,4,1620557785,14834403,927954920,134372,657134,0,0,0
lo,1247298,1247298,12303,12303,0,0,0,4,1620557905,258621,258621,2351,2351,0,0,0
wlp1s0,0,0,0,0,0,0,0,4,1620557905,0,0,0,0,0,0,0
br-60d9c712ffd0,0,0,0,0,0,0,0,4,1620557905,0,0,0,0,0,0,0
docker0,0,0,0,0,0,0,0,4,1620557905,0,0,0,0,0,0,0
enx00e04c6acbf8,27638227,1018079150,207349,798972,0,0,0,4,1620557905,14873842,927988828,134623,657395,0,0,0
lo,1250912,1250912,12339,12339,0,0,0,4,1620558025,262235,262235,2387,2387,0,0,0
wlp1s0,0,0,0,0,0,0,0,4,1620558025,0,0,0,0,0,0,0
br-60d9c712ffd0,0,0,0,0,0,0,0,4,1620558025,0,0,0,0,0,0,0
docker0,0,0,0,0,0,0,0,4,1620558025,0,0,0,0,0,0,0
enx00e04c6acbf8,27764864,1018317851,207967,799692,0,0,0,4,1620558025,15000479,928227529,135241,658115,0,0,0
lo,1252114,1252114,12351,12351,0,0,0,4,1620558145,263437,263437,2399,2399,0,0,0
wlp1s0,0,0,0,0,0,0,0,4,1620558145,0,0,0,0,0,0,0
br-60d9c712ffd0,0,0,0,0,0,0,0,4,1620558145,0,0,0,0,0,0,0
docker0,0,0,0,0,0,0,0,4,1620558145,0,0,0,0,0,0,0
enx00e04c6acbf8,27821846,1019052157,208404,801081,0,0,0,4,1620558145,15057461,928961835,135678,659504,0,0,0
lo,1254219,1254219,12369,12369,0,0,0,4,1620558265,265542,265542,2417,2417,0,0,0
wlp1s0,0,0,0,0,0,0,0,4,1620558265,0,0,0,0,0,0,0
br-60d9c712ffd0,0,0,0,0,0,0,0,4,1620558265,0,0,0,0,0,0,0
docker0,0,0,0,0,0,0,0,4,1620558265,0,0,0,0,0,0,0
enx00e04c6acbf8,27891371,1019806163,208990,802388,0,0,0,4,1620558265,15126986,929715841,136264,660811,0,0,0
lo,1255401,1255401,12381,12381,0,0,0,4,1620558386,266724,266724,2429,2429,0,0,0
wlp1s0,0,0,0,0,0,0,0,4,1620558386,0,0,0,0,0,0,0
br-60d9c712ffd0,0,0,0,0,0,0,0,4,1620558386,0,0,0,0,0,0,0
docker0,0,0,0,0,0,0,0,4,1620558386,0,0,0,0,0,0,0
enx00e04c6acbf8,27936606,1019861417,209178,802703,0,0,0,4,1620558386,15172221,929771095,136452,661126,0,0,0
lo,1256395,1256395,12387,12387,0,0,0,4,1620558506,267718,267718,2435,2435,0,0,0
wlp1s0,0,0,0,0,0,0,0,4,1620558506,0,0,0,0,0,0,0
br-60d9c712ffd0,0,0,0,0,0,0,0,4,1620558506,0,0,0,0,0,0,0
docker0,0,0,0,0,0,0,0,4,1620558506,0,0,0,0,0,0,0
enx00e04c6acbf8,27954065,1019908361,209294,803023,0,0,0,4,1620558506,15189680,929818039,136568,661446,0,0,0
lo,1258171,1258171,12405,12405,0,0,0,4,1620558626,269494,269494,2453,2453,0,0,0
wlp1s0,0,0,0,0,0,0,0,4,1620558626,0,0,0,0,0,0,0
br-60d9c712ffd0,0,0,0,0,0,0,0,4,1620558626,0,0,0,0,0,0,0
docker0,0,0,0,0,0,0,0,4,1620558626,0,0,0,0,0,0,0
enx00e04c6acbf8,28010845,1020597894,209733,803820,0,0,0,4,1620558626,15246460,930507572,137007,662243,0,0,0
lo,1258944,1258944,12413,12413,0,0,0,4,1620558746,270267,270267,2461,2461,0,0,0
wlp1s0,0,0,0,0,0,0,0,4,1620558746,0,0,0,0,0,0,0
br-60d9c712ffd0,0,0,0,0,0,0,0,4,1620558746,0,0,0,0,0,0,0
docker0,0,0,0,0,0,0,0,4,1620558746,0,0,0,0,0,0,0
enx00e04c6acbf8,28059065,1021229197,210122,804543,0,0,0,4,1620558746,15294680,931138875,137396,662966,0,0,0
lo,1259986,1259986,12421,12421,0,0,0,4,1620558866,271309,271309,2469,2469,0,0,0
wlp1s0,0,0,0,0,0,0,0,4,1620558866,0,0,0,0,0,0,0
br-60d9c712ffd0,0,0,0,0,0,0,0,4,1620558866,0,0,0,0,0,0,0
docker0,0,0,0,0,0,0,0,4,1620558866,0,0,0,0,0,0,0
enx00e04c6acbf8,28072538,1021246618,210223,804672,0,0,0,4,1620558866,15308153,931156296,137497,663095,0,0,0
lo,1260718,1260718,12427,12427,0,0,0,4,1620558986,272041,272041,2475,2475,0,0,0
wlp1s0,0,0,0,0,0,0,0,4,1620558986,0,0,0,0,0,0,0
br-60d9c712ffd0,0,0,0,0,0,0,0,4,1620558986,0,0,0,0,0,0,0
docker0,0,0,0,0,0,0,0,4,1620558986,0,0,0,0,0,0,0
enx00e04c6acbf8,28090271,1021265837,210346,804799,0,0,0,4,1620558986,15325886,931175515,137620,663222,0,0,0
lo,1261124,1261124,12431,12431,0,0,0,4,1620559106,272447,272447,2479,2479,0,0,0
wlp1s0,0,0,0,0,0,0,0,4,1620559106,0,0,0,0,0,0,0
br-60d9c712ffd0,0,0,0,0,0,0,0,4,1620559106,0,0,0,0,0,0,0
docker0,0,0,0,0,0,0,0,4,1620559106,0,0,0,0,0,0,0
enx00e04c6acbf8,28116555,1021900349,210621,805402,0,0,0,4,1620559106,15352170,931810027,137895,663825,0,0,0
lo,1264034,1264034,12455,12455,0,0,0,4,1620559226,275357,275357,2503,2503,0,0,0
wlp1s0,0,0,0,0,0,0,0,4,1620559226,0,0,0,0,0,0,0
br-60d9c712ffd0,0,0,0,0,0,0,0,4,1620559226,0,0,0,0,0,0,0
docker0,0,0,0,0,0,0,0,4,1620559226,0,0,0,0,0,0,0
enx00e04c6acbf8,28160717,1021957571,210843,805635,0,0,0,4,1620559226,15396332,931867249,138117,664058,0,0,0
lo,1264969,1264969,12463,12463,0,0,0,4,1620559346,276292,276292,2511,2511,0,0,0
wlp1s0,0,0,0,0,0,0,0,4,1620559346,0,0,0,0,0,0,0
br-60d9c712ffd0,0,0,0,0,0,0,0,4,1620559346,0,0,0,0,0,0,0
docker0,0,0,0,0,0,0,0,4,1620559346,0,0,0,0,0,0,0
enx00e04c6acbf8,28318884,1021983025,211065,805808,0,0,0,4,1620559346,15554499,931892703,138339,664231,0,0,0
lo,1267242,1267242,12481,12481,0,0,0,4,1620559466,278565,278565,2529,2529,0,0,0
wlp1s0,0,0,0,0,0,0,0,4,1620559466,0,0,0,0,0,0,0
br-60d9c712ffd0,0,0,0,0,0,0,0,4,1620559466,0,0,0,0,0,0,0
docker0,0,0,0,0,0,0,0,4,1620559466,0,0,0,0,0,0,0
enx00e04c6acbf8,28355664,1022053762,211284,806083,0,0,0,4,1620559466,15591279,931963440,138558,664506,0,0,0
lo,1267772,1267772,12487,12487,0,0,0,4,1620559586,279095,279095,2535,2535,0,0,0
wlp1s0,0,0,0,0,0,0,0,4,1620559586,0,0,0,0,0,0,0
br-60d9c712ffd0,0,0,0,0,0,0,0,4,1620559586,0,0,0,0,0,0,0
docker0,0,0,0,0,0,0,0,4,1620559586,0,0,0,0,0,0,0
enx00e04c6acbf8,28408335,1022730949,211746,806909,0,0,0,4,1620559586,15643950,932640627,139020,665332,0,0,0
lo,1269542,1269542,12501,12501,0,0,0,4,1620559706,280865,280865,2549,2549,0,0,0
wlp1s0,0,0,0,0,0,0,0,4,1620559706,0,0,0,0,0,0,0
br-60d9c712ffd0,0,0,0,0,0,0,0,4,1620559706,0,0,0,0,0,0,0
docker0,0,0,0,0,0,0,0,4,1620559706,0,0,0,0,0,0,0
enx00e04c6acbf8,28486910,1024176023,212417,808293,0,0,0,4,1620559706,15722525,934085701,139691,666716,0,0,0
lo,1271130,1271130,12517,12517,0,0,0,4,1620559827,282453,282453,2565,2565,0,0,0
wlp1s0,0,0,0,0,0,0,0,4,1620559827,0,0,0,0,0,0,0
br-60d9c712ffd0,0,0,0,0,0,0,0,4,1620559827,0,0,0,0,0,0,0
docker0,0,0,0,0,0,0,0,4,1620559827,0,0,0,0,0,0,0
enx00e04c6acbf8,28531924,1024256347,212683,808574,0,0,0,4,1620559827,15767539,934166025,139957,666997,0,0,0
lo,1274848,1274848,12557,12557,0,0,0,4,1620559947,286171,286171,2605,2605,0,0,0
wlp1s0,0,0,0,0,0,0,0,4,1620559947,0,0,0,0,0,0,0
br-60d9c712ffd0,0,0,0,0,0,0,0,4,1620559947,0,0,0,0,0,0,0
docker0,0,0,0,0,0,0,0,4,1620559947,0,0,0,0,0,0,0
enx00e04c6acbf8,28686541,1026299816,213730,810554,0,0,0,4,1620559947,15922156,936209494,141004,668977,0,0,0
lo,1281204,1281204,12613,12613,0,0,0,4,1620560067,292527,292527,2661,2661,0,0,0
wlp1s0,0,0,0,0,0,0,0,4,1620560067,0,0,0,0,0,0,0
br-60d9c712ffd0,0,0,0,0,0,0,0,4,1620560067,0,0,0,0,0,0,0
docker0,0,0,0,0,0,0,0,4,1620560067,0,0,0,0,0,0,0
enx00e04c6acbf8,29337377,1104606109,221730,864211,0,0,0,4,1620560067,16572992,1014515787,149004,722634,0,0,0
lo,1283120,1283120,12631,12631,0,0,0,4,1620560187,294443,294443,2679,2679,0,0,0
wlp1s0,0,0,0,0,0,0,0,4,1620560187,0,0,0,0,0,0,0
br-60d9c712ffd0,0,0,0,0,0,0,0,4,1620560187,0,0,0,0,0,0,0
docker0,0,0,0,0,0,0,0,4,1620560187,0,0,0,0,0,0,0
enx00e04c6acbf8,29376249,1104652988,221917,864414,0,0,0,4,1620560187,16611864,1014562666,149191,722837,0,0,0
lo,1284172,1284172,12639,12639,0,0,0,4,1620560307,295495,295495,2687,2687,0,0,0
wlp1s0,0,0,0,0,0,0,0,4,1620560307,0,0,0,0,0,0,0
br-60d9c712ffd0,0,0,0,0,0,0,0,4,1620560307,0,0,0,0,0,0,0
docker0,0,0,0,0,0,0,0,4,1620560307,0,0,0,0,0,0,0
enx00e04c6acbf8,29399875,1104681383,222040,864583,0,0,0,4,1620560307,16635490,1014591061,149314,723006,0,0,0
lo,1289523,1289523,12691,12691,0,0,0,4,1620560427,300846,300846,2739,2739,0,0,0
wlp1s0,0,0,0,0,0,0,0,4,1620560427,0,0,0,0,0,0,0
br-60d9c712ffd0,0,0,0,0,0,0,0,4,1620560427,0,0,0,0,0,0,0
docker0,0,0,0,0,0,0,0,4,1620560427,0,0,0,0,0,0,0
enx00e04c6acbf8,29548778,1105060857,222686,865310,0,0,0,4,1620560427,16784393,1014970535,149960,723733,0,0,0
lo,1291184,1291184,12705,12705,0,0,0,4,1620560547,302507,302507,2753,2753,0,0,0
wlp1s0,0,0,0,0,0,0,0,4,1620560547,0,0,0,0,0,0,0
br-60d9c712ffd0,0,0,0,0,0,0,0,4,1620560547,0,0,0,0,0,0,0
docker0,0,0,0,0,0,0,0,4,1620560547,0,0,0,0,0,0,0
enx00e04c6acbf8,29614454,1105743036,223179,866138,0,0,0,4,1620560547,16850069,1015652714,150453,724561,0,0,0
lo,1292550,1292550,12719,12719,0,0,0,4,1620560667,303873,303873,2767,2767,0,0,0
wlp1s0,0,0,0,0,0,0,0,4,1620560667,0,0,0,0,0,0,0
br-60d9c712ffd0,0,0,0,0,0,0,0,4,1620560667,0,0,0,0,0,0,0
docker0,0,0,0,0,0,0,0,4,1620560667,0,0,0,0,0,0,0
enx00e04c6acbf8,29682590,1106476186,223740,867007,0,0,0,4,1620560667,16918205,1016385864,151014,725430,0,0,0
lo,1293448,1293448,12727,12727,0,0,0,4,1620560787,304771,304771,2775,2775,0,0,0
wlp1s0,0,0,0,0,0,0,0,4,1620560787,0,0,0,0,0,0,0
br-60d9c712ffd0,0,0,0,0,0,0,0,4,1620560787,0,0,0,0,0,0,0
docker0,0,0,0,0,0,0,0,4,1620560787,0,0,0,0,0,0,0
enx00e04c6acbf8,29791814,1107887304,224583,868572,0,0,0,4,1620560787,17027429,1017796982,151857,726995,0,0,0
lo,1298336,1298336,12773,12773,0,0,0,4,1620560908,309659,309659,2821,2821,0,0,0
wlp1s0,0,0,0,0,0,0,0,4,1620560908,0,0,0,0,0,0,0
br-60d9c712ffd0,0,0,0,0,0,0,0,4,1620560908,0,0,0,0,0,0,0
docker0,0,0,0,0,0,0,0,4,1620560908,0,0,0,0,0,0,0
enx00e04c6acbf8,30003320,1111825904,226203,872148,0,0,0,4,1620560908,17238935,1021735582,153477,730571,0,0,0
lo,1308847,1308847,12871,12871,0,0,0,4,1620561028,320170,320170,2919,2919,0,0,0
wlp1s0,0,0,0,0,0,0,0,4,1620561028,0,0,0,0,0,0,0
br-60d9c712ffd0,0,0,0,0,0,0,0,4,1620561028,0,0,0,0,0,0,0
docker0,0,0,0,0,0,0,0,4,1620561028,0,0,0,0,0,0,0
enx00e04c6acbf8,30192298,1112337453,227097,873235,0,0,0,4,1620561028,17427913,1022247131,154371,731658,0,0,0
lo,1320427,1320427,12991,12991,0,0,0,4,1620561148,331750,331750,3039,3039,0,0,0
wlp1s0,0,0,0,0,0,0,0,4,1620561148,0,0,0,0,0,0,0
br-60d9c712ffd0,0,0,0,0,0,0,0,4,1620561148,0,0,0,0,0,0,0
docker0,0,0,0,0,0,0,0,4,1620561148,0,0,0,0,0,0,0
enx00e04c6acbf8,30600668,1114933285,228724,875978,0,0,0,4,1620561148,17836283,1024842963,155998,734401,0,0,0
lo,1331270,1331270,13099,13099,0,0,0,4,1620561268,342593,342593,3147,3147,0,0,0
wlp1s0,0,0,0,0,0,0,0,4,1620561268,0,0,0,0,0,0,0
br-60d9c712ffd0,0,0,0,0,0,0,0,4,1620561268,0,0,0,0,0,0,0
docker0,0,0,0,0,0,0,0,4,1620561268,0,0,0,0,0,0,0
enx00e04c6acbf8,31166704,1121883449,232011,881812,0,0,0,4,1620561268,18402319,1031793127,159285,740235,0,0,0
lo,1333179,1333179,13113,13113,0,0,0,4,1620561388,344502,344502,3161,3161,0,0,0
wlp1s0,0,0,0,0,0,0,0,4,1620561388,0,0,0,0,0,0,0
br-60d9c712ffd0,0,0,0,0,0,0,0,4,1620561388,0,0,0,0,0,0,0
docker0,0,0,0,0,0,0,0,4,1620561388,0,0,0,0,0,0,0
enx00e04c6acbf8,31205760,1122057249,232247,882176,0,0,0,4,1620561388,18441375,1031966927,159521,740599,0,0,0
lo,1335119,1335119,13129,13129,0,0,0,4,1620561508,346442,346442,3177,3177,0,0,0
wlp1s0,0,0,0,0,0,0,0,4,1620561508,0,0,0,0,0,0,0
br-60d9c712ffd0,0,0,0,0,0,0,0,4,1620561508,0,0,0,0,0,0,0
docker0,0,0,0,0,0,0,0,4,1620561508,0,0,0,0,0,0,0
enx00e04c6acbf8,31270801,1122927252,232789,883078,0,0,0,4,1620561508,18506416,1032836930,160063,741501,0,0,0
lo,1336025,1336025,13139,13139,0,0,0,4,1620561628,347348,347348,3187,3187,0,0,0
wlp1s0,0,0,0,0,0,0,0,4,1620561628,0,0,0,0,0,0,0
br-60d9c712ffd0,0,0,0,0,0,0,0,4,1620561628,0,0,0,0,0,0,0
docker0,0,0,0,0,0,0,0,4,1620561628,0,0,0,0,0,0,0
enx00e04c6acbf8,31298395,1122974254,232942,883351,0,0,0,4,1620561628,18534010,1032883932,160216,741774,0,0,0
lo,1337364,1337364,13149,13149,0,0,0,4,1620561748,348687,348687,3197,3197,0,0,0
wlp1s0,0,0,0,0,0,0,0,4,1620561748,0,0,0,0,0,0,0
br-60d9c712ffd0,0,0,0,0,0,0,0,4,1620561748,0,0,0,0,0,0,0
docker0,0,0,0,0,0,0,0,4,1620561748,0,0,0,0,0,0,0
enx00e04c6acbf8,31323401,1123037853,233101,883554,0,0,0,4,1620561748,18559016,1032947531,160375,741977,0,0,0
lo,1338270,1338270,13157,13157,0,0,0,4,1620561868,349593,349593,3205,3205,0,0,0
wlp1s0,0,0,0,0,0,0,0,4,1620561868,0,0,0,0,0,0,0
br-60d9c712ffd0,0,0,0,0,0,0,0,4,1620561868,0,0,0,0,0,0,0
docker0,0,0,0,0,0,0,0,4,1620561868,0,0,0,0,0,0,0
enx00e04c6acbf8,31339866,1123058279,233218,883681,0,0,0,4,1620561868,18575481,1032967957,160492,742104,0,0,0
lo,1339339,1339339,13165,13165,0,0,0,4,1620561988,350662,350662,3213,3213,0,0,0
wlp1s0,0,0,0,0,0,0,0,4,1620561988,0,0,0,0,0,0,0
br-60d9c712ffd0,0,0,0,0,0,0,0,4,1620561988,0,0,0,0,0,0,0
docker0,0,0,0,0,0,0,0,4,1620561988,0,0,0,0,0,0,0
enx00e04c6acbf8,31372882,1123117952,233375,883868,0,0,0,4,1620561988,18608497,1033027630,160649,742291,0,0,0
lo,1341140,1341140,13177,13177,0,0,0,4,1620562109,352463,352463,3225,3225,0,0,0
wlp1s0,0,0,0,0,0,0,0,4,1620562109,0,0,0,0,0,0,0
br-60d9c712ffd0,0,0,0,0,0,0,0,4,1620562109,0,0,0,0,0,0,0
docker0,0,0,0,0,0,0,0,4,1620562109,0,0,0,0,0,0,0
enx00e04c6acbf8,31400143,1123164605,233545,884054,0,0,0,4,1620562109,18635758,1033074283,160819,742477,0,0,0
lo,1342552,1342552,13189,13189,0,0,0,4,1620562229,353875,353875,3237,3237,0,0,0
wlp1s0,0,0,0,0,0,0,0,4,1620562229,0,0,0,0,0,0,0
br-60d9c712ffd0,0,0,0,0,0,0,0,4,1620562229,0,0,0,0,0,0,0
docker0,0,0,0,0,0,0,0,4,1620562229,0,0,0,0,0,0,0
enx00e04c6acbf8,31422074,1123203201,233690,884219,0,0,0,4,1620562229,18657689,1033112879,160964,742642,0,0,0
lo,1344171,1344171,13203,13203,0,0,0,4,1620562349,355494,355494,3251,3251,0,0,0
wlp1s0,0,0,0,0,0,0,0,4,1620562349,0,0,0,0,0,0,0
br-60d9c712ffd0,0,0,0,0,0,0,0,4,1620562349,0,0,0,0,0,0,0
docker0,0,0,0,0,0,0,0,4,1620562349,0,0,0,0,0,0,0
enx00e04c6acbf8,31485577,1123904881,234178,885065,0,0,0,4,1620562349,18721192,1033814559,161452,743488,0,0,0
lo,1345222,1345222,13215,13215,0,0,0,4,1620562469,356545,356545,3263,3263,0,0,0
wlp1s0,0,0,0,0,0,0,0,4,1620562469,0,0,0,0,0,0,0
br-60d9c712ffd0,0,0,0,0,0,0,0,4,1620562469,0,0,0,0,0,0,0
docker0,0,0,0,0,0,0,0,4,1620562469,0,0,0,0,0,0,0
enx00e04c6acbf8,31548873,1123978534,234583,885513,0,0,0,4,1620562469,18784488,1033888212,161857,743936,0,0,0
lo,1346810,1346810,13227,13227,0,0,0,4,1620562589,358133,358133,3275,3275,0,0,0
wlp1s0,0,0,0,0,0,0,0,4,1620562589,0,0,0,0,0,0,0
br-60d9c712ffd0,0,0,0,0,0,0,0,4,1620562589,0,0,0,0,0,0,0
docker0,0,0,0,0,0,0,0,4,1620562589,0,0,0,0,0,0,0
enx00e04c6acbf8,31621036,1125350183,235235,886901,0,0,0,4,1620562589,18856651,1035259861,162509,745324,0,0,0
lo,1347044,1347044,13229,13229,0,0,0,4,1620562709,358367,358367,3277,3277,0,0,0
wlp1s0,0,0,0,0,0,0,0,4,1620562709,0,0,0,0,0,0,0
br-60d9c712ffd0,0,0,0,0,0,0,0,4,1620562709,0,0,0,0,0,0,0
docker0,0,0,0,0,0,0,0,4,1620562709,0,0,0,0,0,0,0
enx00e04c6acbf8,31634180,1125365438,235338,887029,0,0,0,4,1620562709,18869795,1035275116,162612,745452,0,0,0
lo,1348336,1348336,13241,13241,0,0,0,4,1620562829,359659,359659,3289,3289,0,0,0
wlp1s0,0,0,0,0,0,0,0,4,1620562829,0,0,0,0,0,0,0
br-60d9c712ffd0,0,0,0,0,0,0,0,4,1620562829,0,0,0,0,0,0,0
docker0,0,0,0,0,0,0,0,4,1620562829,0,0,0,0,0,0,0
enx00e04c6acbf8,31654173,1125397903,235481,887195,0,0,0,4,1620562829,18889788,1035307581,162755,745618,0,0,0
lo,1349957,1349957,13253,13253,0,0,0,4,1620562949,361280,361280,3301,3301,0,0,0
wlp1s0,0,0,0,0,0,0,0,4,1620562949,0,0,0,0,0,0,0
br-60d9c712ffd0,0,0,0,0,0,0,0,4,1620562949,0,0,0,0,0,0,0
docker0,0,0,0,0,0,0,0,4,1620562949,0,0,0,0,0,0,0
enx00e04c6acbf8,31702328,1125447781,235679,887396,0,0,0,4,1620562949,18937943,1035357459,162953,745819,0,0,0
lo,1351205,1351205,13263,13263,0,0,0,4,1620563069,362528,362528,3311,3311,0,0,0
wlp1s0,0,0,0,0,0,0,0,4,1620563069,0,0,0,0,0,0,0
br-60d9c712ffd0,0,0,0,0,0,0,0,4,1620563069,0,0,0,0,0,0,0
docker0,0,0,0,0,0,0,0,4,1620563069,0,0,0,0,0,0,0
enx00e04c6acbf8,31718052,1125520999,235798,887580,0,0,0,4,1620563069,18953667,1035430677,163072,746003,0,0,0
lo,1353635,1353635,13283,13283,0,0,0,4,1620563189,364958,364958,3331,3331,0,0,0
wlp1s0,0,0,0,0,0,0,0,4,1620563189,0,0,0,0,0,0,0
br-60d9c712ffd0,0,0,0,0,0,0,0,4,1620563189,0,0,0,0,0,0,0
docker0,0,0,0,0,0,0,0,4,1620563189,0,0,0,0,0,0,0
enx00e04c6acbf8,31743630,1125566555,235978,887838,0,0,0,4,1620563189,18979245,1035476233,163252,746261,0,0,0
lo,1354191,1354191,13287,13287,0,0,0,4,1620563309,365514,365514,3335,3335,0,0,0
wlp1s0,0,0,0,0,0,0,0,4,1620563309,0,0,0,0,0,0,0
br-60d9c712ffd0,0,0,0,0,0,0,0,4,1620563309,0,0,0,0,0,0,0
docker0,0,0,0,0,0,0,0,4,1620563309,0,0,0,0,0,0,0
enx00e04c6acbf8,31757587,1125581432,236088,888040,0,0,0,4,1620563309,18993202,1035491110,163362,746463,0,0,0
lo,1355088,1355088,13295,13295,0,0,0,4,1620563430,366411,366411,3343,3343,0,0,0
wlp1s0,0,0,0,0,0,0,0,4,1620563430,0,0,0,0,0,0,0
br-60d9c712ffd0,0,0,0,0,0,0,0,4,1620563430,0,0,0,0,0,0,0
docker0,0,0,0,0,0,0,0,4,1620563430,0,0,0,0,0,0,0
enx00e04c6acbf8,31773753,1125601833,236204,888219,0,0,0,4,1620563430,19009368,1035511511,163478,746642,0,0,0
lo,1356745,1356745,13309,13309,0,0,0,4,1620563550,368068,368068,3357,3357,0,0,0
wlp1s0,0,0,0,0,0,0,0,4,1620563550,0,0,0,0,0,0,0
br-60d9c712ffd0,0,0,0,0,0,0,0,4,1620563550,0,0,0,0,0,0,0
docker0,0,0,0,0,0,0,0,4,1620563550,0,0,0,0,0,0,0
enx00e04c6acbf8,31811701,1125663372,236406,888493,0,0,0,4,1620563550,19047316,1035573050,163680,746916,0,0,0
lo,1357604,1357604,13317,13317,0,0,0,4,1620563670,368927,368927,3365,3365,0,0,0
wlp1s0,0,0,0,0,0,0,0,4,1620563670,0,0,0,0,0,0,0
br-60d9c712ffd0,0,0,0,0,0,0,0,4,1620563670,0,0,0,0,0,0,0
docker0,0,0,0,0,0,0,0,4,1620563670,0,0,0,0,0,0,0
enx00e04c6acbf8,31832507,1125709005,236528,888698,0,0,0,4,1620563670,19068122,1035618683,163802,747121,0,0,0
lo,1358220,1358220,13323,13323,0,0,0,4,1620563790,369543,369543,3371,3371,0,0,0
wlp1s0,0,0,0,0,0,0,0,4,1620563790,0,0,0,0,0,0,0
br-60d9c712ffd0,0,0,0,0,0,0,0,4,1620563790,0,0,0,0,0,0,0
docker0,0,0,0,0,0,0,0,4,1620563790,0,0,0,0,0,0,0
enx00e04c6acbf8,31850401,1125734115,236660,888904,0,0,0,4,1620563790,19086016,1035643793,163934,747327,0,0,0
lo,1359210,1359210,13329,13329,0,0,0,4,1620563910,370533,370533,3377,3377,0,0,0
wlp1s0,0,0,0,0,0,0,0,4,1620563910,0,0,0,0,0,0,0
br-60d9c712ffd0,0,0,0,0,0,0,0,4,1620563910,0,0,0,0,0,0,0
docker0,0,0,0,0,0,0,0,4,1620563910,0,0,0,0,0,0,0
enx00e04c6acbf8,31870762,1125762474,236808,889078,0,0,0,4,1620563910,19106377,1035672152,164082,747501,0,0,0
lo,1359810,1359810,13335,13335,0,0,0,4,1620564030,371133,371133,3383,3383,0,0,0
wlp1s0,0,0,0,0,0,0,0,4,1620564030,0,0,0,0,0,0,0
br-60d9c712ffd0,0,0,0,0,0,0,0,4,1620564030,0,0,0,0,0,0,0
docker0,0,0,0,0,0,0,0,4,1620564030,0,0,0,0,0,0,0
enx00e04c6acbf8,31881847,1125819621,236900,889270,0,0,0,4,1620564030,19117462,1035729299,164174,747693,0,0,0
lo,1360920,1360920,13343,13343,0,0,0,4,1620564150,372243,372243,3391,3391,0,0,0
wlp1s0,0,0,0,0,0,0,0,4,1620564150,0,0,0,0,0,0,0
br-60d9c712ffd0,0,0,0,0,0,0,0,4,1620564150,0,0,0,0,0,0,0
docker0,0,0,0,0,0,0,0,4,1620564150,0,0,0,0,0,0,0
enx00e04c6acbf8,31902916,1125841522,237032,889419,0,0,0,4,1620564150,19138531,1035751200,164306,747842,0,0,0
lo,1361432,1361432,13349,13349,0,0,0,4,1620564270,372755,372755,3397,3397,0,0,0
wlp1s0,0,0,0,0,0,0,0,4,1620564270,0,0,0,0,0,0,0
br-60d9c712ffd0,0,0,0,0,0,0,0,4,1620564270,0,0,0,0,0,0,0
docker0,0,0,0,0,0,0,0,4,1620564270,0,0,0,0,0,0,0
enx00e04c6acbf8,31919262,1125857919,237142,889535,0,0,0,4,1620564270,19154877,1035767597,164416,747958,0,0,0
lo,1365730,1365730,13385,13385,0,0,0,4,1620564390,377053,377053,3433,3433,0,0,0
wlp1s0,0,0,0,0,0,0,0,4,1620564390,0,0,0,0,0,0,0
br-60d9c712ffd0,0,0,0,0,0,0,0,4,1620564390,0,0,0,0,0,0,0
docker0,0,0,0,0,0,0,0,4,1620564390,0,0,0,0,0,0,0
enx00e04c6acbf8,31950605,1125897886,237363,889755,0,0,0,4,1620564390,19186220,1035807564,164637,748178,0,0,0
lo,1366699,1366699,13393,13393,0,0,0,4,1620564510,378022,378022,3441,3441,0,0,0
wlp1s0,0,0,0,0,0,0,0,4,1620564510,0,0,0,0,0,0,0
br-60d9c712ffd0,0,0,0,0,0,0,0,4,1620564510,0,0,0,0,0,0,0
docker0,0,0,0,0,0,0,0,4,1620564510,0,0,0,0,0,0,0
enx00e04c6acbf8,31969808,1125919551,237491,889903,0,0,0,4,1620564510,19205423,1035829229,164765,748326,0,0,0
lo,1373640,1373640,13447,13447,0,0,0,4,1620564630,384963,384963,3495,3495,0,0,0
wlp1s0,0,0,0,0,0,0,0,4,1620564630,0,0,0,0,0,0,0
br-60d9c712ffd0,0,0,0,0,0,0,0,4,1620564630,0,0,0,0,0,0,0
docker0,0,0,0,0,0,0,0,4,1620564630,0,0,0,0,0,0,0
enx00e04c6acbf8,32037566,1126073172,237805,890253,0,0,0,4,1620564630,19273181,1035982850,165079,748676,0,0,0
lo,1375525,1375525,13463,13463,0,0,0,4,1620564750,386848,386848,3511,3511,0,0,0
wlp1s0,0,0,0,0,0,0,0,4,1620564750,0,0,0,0,0,0,0
br-60d9c712ffd0,0,0,0,0,0,0,0,4,1620564750,0,0,0,0,0,0,0
docker0,0,0,0,0,0,0,0,4,1620564750,0,0,0,0,0,0,0
enx00e04c6acbf8,32183624,1126108320,238060,890460,0,0,0,4,1620564750,19419239,1036017998,165334,748883,0,0,0
lo,1376419,1376419,13471,13471,0,0,0,4,1620564871,387742,387742,3519,3519,0,0,0
wlp1s0,0,0,0,0,0,0,0,4,1620564871,0,0,0,0,0,0,0
br-60d9c712ffd0,0,0,0,0,0,0,0,4,1620564871,0,0,0,0,0,0,0
docker0,0,0,0,0,0,0,0,4,1620564871,0,0,0,0,0,0,0
enx00e04c6acbf8,32198982,1126126814,238169,890575,0,0,0,4,1620564871,19434597,1036036492,165443,748998,0,0,0
lo,1377267,1377267,13477,13477,0,0,0,4,1620564991,388590,388590,3525,3525,0,0,0
wlp1s0,0,0,0,0,0,0,0,4,1620564991,0,0,0,0,0,0,0
br-60d9c712ffd0,0,0,0,0,0,0,0,4,1620564991,0,0,0,0,0,0,0
docker0,0,0,0,0,0,0,0,4,1620564991,0,0,0,0,0,0,0
enx00e04c6acbf8,32218621,1126176637,238292,890782,0,0,0,4,1620564991,19454236,1036086315,165566,749205,0,0,0
lo,1377513,1377513,13479,13479,0,0,0,4,1620565111,388836,388836,3527,3527,0,0,0
wlp1s0,0,0,0,0,0,0,0,4,1620565111,0,0,0,0,0,0,0
br-60d9c712ffd0,0,0,0,0,0,0,0,4,1620565111,0,0,0,0,0,0,0
docker0,0,0,0,0,0,0,0,4,1620565111,0,0,0,0,0,0,0
enx00e04c6acbf8,32229645,1126186873,238381,890889,0,0,0,4,1620565111,19465260,1036096551,165655,749312,0,0,0
lo,1379256,1379256,13493,13493,0,0,0,4,1620565231,390579,390579,3541,3541,0,0,0
wlp1s0,0,0,0,0,0,0,0,4,1620565231,0,0,0,0,0,0,0
br-60d9c712ffd0,0,0,0,0,0,0,0,4,1620565231,0,0,0,0,0,0,0
docker0,0,0,0,0,0,0,0,4,1620565231,0,0,0,0,0,0,0
enx00e04c6acbf8,32249522,1126210890,238515,891052,0,0,0,4,1620565231,19485137,1036120568,165789,749475,0,0,0
lo,1380065,1380065,13501,13501,0,0,0,4,1620565351,391388,391388,3549,3549,0,0,0
wlp1s0,0,0,0,0,0,0,0,4,1620565351,0,0,0,0,0,0,0
br-60d9c712ffd0,0,0,0,0,0,0,0,4,1620565351,0,0,0,0,0,0,0
docker0,0,0,0,0,0,0,0,4,1620565351,0,0,0,0,0,0,0
enx00e04c6acbf8,32278204,1126240938,238656,891220,0,0,0,4,1620565351,19513819,1036150616,165930,749643,0,0,0
lo,1380924,1380924,13509,13509,0,0,0,4,1620565471,392247,392247,3557,3557,0,0,0
wlp1s0,0,0,0,0,0,0,0,4,1620565471,0,0,0,0,0,0,0
br-60d9c712ffd0,0,0,0,0,0,0,0,4,1620565471,0,0,0,0,0,0,0
docker0,0,0,0,0,0,0,0,4,1620565471,0,0,0,0,0,0,0
enx00e04c6acbf8,32297243,1126259819,238765,891394,0,0,0,4,1620565471,19532858,1036169497,166039,749817,0,0,0
lo,1382025,1382025,13517,13517,0,0,0,4,1620565591,393348,393348,3565,3565,0,0,0
wlp1s0,0,0,0,0,0,0,0,4,1620565591,0,0,0,0,0,0,0
br-60d9c712ffd0,0,0,0,0,0,0,0,4,1620565591,0,0,0,0,0,0,0
docker0,0,0,0,0,0,0,0,4,1620565591,0,0,0,0,0,0,0
enx00e04c6acbf8,32318103,1126310677,238921,891658,0,0,0,4,1620565591,19553718,1036220355,166195,750081,0,0,0
lo,1382331,1382331,13519,13519,0,0,0,4,1620565711,393654,393654,3567,3567,0,0,0
wlp1s0,0,0,0,0,0,0,0,4,1620565711,0,0,0,0,0,0,0
br-60d9c712ffd0,0,0,0,0,0,0,0,4,1620565711,0,0,0,0,0,0,0
docker0,0,0,0,0,0,0,0,4,1620565711,0,0,0,0,0,0,0
enx00e04c6acbf8,32333620,1126335210,239027,891888,0,0,0,4,1620565711,19569235,1036244888,166301,750311,0,0,0
lo,1383239,1383239,13527,13527,0,0,0,4,1620565831,394562,394562,3575,3575,0,0,0
wlp1s0,0,0,0,0,0,0,0,4,1620565831,0,0,0,0,0,0,0
br-60d9c712ffd0,0,0,0,0,0,0,0,4,1620565831,0,0,0,0,0,0,0
docker0,0,0,0,0,0,0,0,4,1620565831,0,0,0,0,0,0,0
enx00e04c6acbf8,32348234,1126360294,239132,892179,0,0,0,4,1620565831,19583849,1036269972,166406,750602,0,0,0
lo,1384349,1384349,13535,13535,0,0,0,4,1620565952,395672,395672,3583,3583,0,0,0
wlp1s0,0,0,0,0,0,0,0,4,1620565952,0,0,0,0,0,0,0
br-60d9c712ffd0,0,0,0,0,0,0,0,4,1620565952,0,0,0,0,0,0,0
docker0,0,0,0,0,0,0,0,4,1620565952,0,0,0,0,0,0,0
enx00e04c6acbf8,32369248,1126388757,239280,892422,0,0,0,4,1620565952,19604863,1036298435,166554,750845,0,0,0
lo,1384703,1384703,13539,13539,0,0,0,4,1620566072,396026,396026,3587,3587,0,0,0
wlp1s0,0,0,0,0,0,0,0,4,1620566072,0,0,0,0,0,0,0
br-60d9c712ffd0,0,0,0,0,0,0,0,4,1620566072,0,0,0,0,0,0,0
docker0,0,0,0,0,0,0,0,4,1620566072,0,0,0,0,0,0,0
enx00e04c6acbf8,32378262,1126449354,239358,892688,0,0,0,4,1620566072,19613877,1036359032,166632,751111,0,0,0
lo,1384949,1384949,13541,13541,0,0,0,4,1620566192,396272,396272,3589,3589,0,0,0
wlp1s0,0,0,0,0,0,0,0,4,1620566192,0,0,0,0,0,0,0
br-60d9c712ffd0,0,0,0,0,0,0,0,4,1620566192,0,0,0,0,0,0,0
docker0,0,0,0,0,0,0,0,4,1620566192,0,0,0,0,0,0,0
enx00e04c6acbf8,32390782,1126468958,239464,892900,0,0,0,4,1620566192,19626397,1036378636,166738,751323,0,0,0
lo,1386174,1386174,13549,13549,0,0,0,4,1620566312,397497,397497,3597,3597,0,0,0
wlp1s0,0,0,0,0,0,0,0,4,1620566312,0,0,0,0,0,0,0
br-60d9c712ffd0,0,0,0,0,0,0,0,4,1620566312,0,0,0,0,0,0,0
docker0,0,0,0,0,0,0,0,4,1620566312,0,0,0,0,0,0,0
enx00e04c6acbf8,32411464,1126506551,239603,893141,0,0,0,4,1620566312,19647079,1036416229,166877,751564,0,0,0
lo,1387498,1387498,13563,13563,0,0,0,4,1620566432,398821,398821,3611,3611,0,0,0
wlp1s0,0,0,0,0,0,0,0,4,1620566432,0,0,0,0,0,0,0
br-60d9c712ffd0,0,0,0,0,0,0,0,4,1620566432,0,0,0,0,0,0,0
docker0,0,0,0,0,0,0,0,4,1620566432,0,0,0,0,0,0,0
enx00e04c6acbf8,32432054,1126602335,239733,893457,0,0,0,4,1620566432,19667669,1036512013,167007,751880,0,0,0
lo,1388624,1388624,13571,13571,0,0,0,4,1620566552,399947,399947,3619,3619,0,0,0
wlp1s0,0,0,0,0,0,0,0,4,1620566552,0,0,0,0,0,0,0
br-60d9c712ffd0,0,0,0,0,0,0,0,4,1620566552,0,0,0,0,0,0,0
docker0,0,0,0,0,0,0,0,4,1620566552,0,0,0,0,0,0,0
enx00e04c6acbf8,32458481,1126629745,239879,893693,0,0,0,4,1620566552,19694096,1036539423,167153,752116,0,0,0
lo,1389872,1389872,13581,13581,0,0,0,4,1620566672,401195,401195,3629,3629,0,0,0
wlp1s0,0,0,0,0,0,0,0,4,1620566672,0,0,0,0,0,0,0
br-60d9c712ffd0,0,0,0,0,0,0,0,4,1620566672,0,0,0,0,0,0,0
docker0,0,0,0,0,0,0,0,4,1620566672,0,0,0,0,0,0,0
enx00e04c6acbf8,32473208,1126772128,239985,893985,0,0,0,4,1620566672,19708823,1036681806,167259,752408,0,0,0
lo,1390334,1390334,13585,13585,0,0,0,4,1620566792,401657,401657,3633,3633,0,0,0
wlp1s0,0,0,0,0,0,0,0,4,1620566792,0,0,0,0,0,0,0
br-60d9c712ffd0,0,0,0,0,0,0,0,4,1620566792,0,0,0,0,0,0,0
docker0,0,0,0,0,0,0,0,4,1620566792,0,0,0,0,0,0,0
enx00e04c6acbf8,32496298,1126815259,240107,894246,0,0,0,4,1620566792,19731913,1036724937,167381,752669,0,0,0
lo,1391952,1391952,13599,13599,0,0,0,4,1620566912,403275,403275,3647,3647,0,0,0
wlp1s0,0,0,0,0,0,0,0,4,1620566912,0,0,0,0,0,0,0
br-60d9c712ffd0,0,0,0,0,0,0,0,4,1620566912,0,0,0,0,0,0,0
docker0,0,0,0,0,0,0,0,4,1620566912,0,0,0,0,0,0,0
enx00e04c6acbf8,32538970,1127021137,240347,894690,0,0,0,4,1620566912,19774585,1036930815,167621,753113,0,0,0
lo,1393633,1393633,13613,13613,0,0,0,4,1620567032,404956,404956,3661,3661,0,0,0
wlp1s0,0,0,0,0,0,0,0,4,1620567032,0,0,0,0,0,0,0
br-60d9c712ffd0,0,0,0,0,0,0,0,4,1620567032,0,0,0,0,0,0,0
docker0,0,0,0,0,0,0,0,4,1620567032,0,0,0,0,0,0,0
enx00e04c6acbf8,32566292,1127106714,240509,894968,0,0,0,4,1620567032,19801907,1037016392,167783,753391,0,0,0
lo,1395612,1395612,13631,13631,0,0,0,4,1620567152,406935,406935,3679,3679,0,0,0
wlp1s0,0,0,0,0,0,0,0,4,1620567152,0,0,0,0,0,0,0
br-60d9c712ffd0,0,0,0,0,0,0,0,4,1620567152,0,0,0,0,0,0,0
docker0,0,0,0,0,0,0,0,4,1620567152,0,0,0,0,0,0,0
enx00e04c6acbf8,32657579,1128476416,241197,896400,0,0,0,4,1620567152,19893194,1038386094,168471,754823,0,0,0
lo,1396563,1396563,13641,13641,0,0,0,4,1620567272,407886,407886,3689,3689,0,0,0
wlp1s0,0,0,0,0,0,0,0,4,1620567272,0,0,0,0,0,0,0
br-60d9c712ffd0,0,0,0,0,0,0,0,4,1620567272,0,0,0,0,0,0,0
docker0,0,0,0,0,0,0,0,4,1620567272,0,0,0,0,0,0,0
enx00e04c6acbf8,32722423,1129243849,241714,897395,0,0,0,4,1620567272,19958038,1039153527,168988,755818,0,0,0
lo,1399009,1399009,13659,13659,0,0,0,4,1620567393,410332,410332,3707,3707,0,0,0
wlp1s0,0,0,0,0,0,0,0,4,1620567393,0,0,0,0,0,0,0
br-60d9c712ffd0,0,0,0,0,0,0,0,4,1620567393,0,0,0,0,0,0,0
docker0,0,0,0,0,0,0,0,4,1620567393,0,0,0,0,0,0,0
enx00e04c6acbf8,32818197,1129446870,242237,898081,0,0,0,4,1620567393,20053812,1039356548,169511,756504,0,0,0
lo,1399748,1399748,13667,13667,0,0,0,4,1620567513,411071,411071,3715,3715,0,0,0
wlp1s0,0,0,0,0,0,0,0,4,1620567513,0,0,0,0,0,0,0
br-60d9c712ffd0,0,0,0,0,0,0,0,4,1620567513,0,0,0,0,0,0,0
docker0,0,0,0,0,0,0,0,4,1620567513,0,0,0,0,0,0,0
enx00e04c6acbf8,32866067,1130215378,242614,899241,0,0,0,4,1620567513,20101682,1040125056,169888,757664,0,0,0
lo,1401521,1401521,13681,13681,0,0,0,4,1620567633,412844,412844,3729,3729,0,0,0
wlp1s0,0,0,0,0,0,0,0,4,1620567633,0,0,0,0,0,0,0
br-60d9c712ffd0,0,0,0,0,0,0,0,4,1620567633,0,0,0,0,0,0,0
docker0,0,0,0,0,0,0,0,4,1620567633,0,0,0,0,0,0,0
enx00e04c6acbf8,32902228,1130300145,242851,900012,0,0,0,4,1620567633,20137843,1040209823,170125,758435,0,0,0
lo,1402425,1402425,13689,13689,0,0,0,4,1620567753,413748,413748,3737,3737,0,0,0
wlp1s0,0,0,0,0,0,0,0,4,1620567753,0,0,0,0,0,0,0
br-60d9c712ffd0,0,0,0,0,0,0,0,4,1620567753,0,0,0,0,0,0,0
docker0,0,0,0,0,0,0,0,4,1620567753,0,0,0,0,0,0,0
enx00e04c6acbf8,32963768,1130403928,243254,900513,0,0,0,4,1620567753,20199383,1040313606,170528,758936,0,0,0
lo,1403295,1403295,13699,13699,0,0,0,4,1620567873,414618,414618,3747,3747,0,0,0
wlp1s0,0,0,0,0,0,0,0,4,1620567873,0,0,0,0,0,0,0
br-60d9c712ffd0,0,0,0,0,0,0,0,4,1620567873,0,0,0,0,0,0,0
docker0,0,0,0,0,0,0,0,4,1620567873,0,0,0,0,0,0,0
enx00e04c6acbf8,33015715,1130495177,243594,900985,0,0,0,4,1620567873,20251330,1040404855,170868,759408,0,0,0
lo,1404071,1404071,13707,13707,0,0,0,4,1620567993,415394,415394,3755,3755,0,0,0
wlp1s0,0,0,0,0,0,0,0,4,1620567993,0,0,0,0,0,0,0
br-60d9c712ffd0,0,0,0,0,0,0,0,4,1620567993,0,0,0,0,0,0,0
docker0,0,0,0,0,0,0,0,4,1620567993,0,0,0,0,0,0,0
enx00e04c6acbf8,33078264,1131260651,244120,901947,0,0,0,4,1620567993,20313879,1041170329,171394,760370,0,0,0
lo,1405873,1405873,13721,13721,0,0,0,4,1620568113,417196,417196,3769,3769,0,0,0
wlp1s0,0,0,0,0,0,0,0,4,1620568113,0,0,0,0,0,0,0
br-60d9c712ffd0,0,0,0,0,0,0,0,4,1620568113,0,0,0,0,0,0,0
docker0,0,0,0,0,0,0,0,4,1620568113,0,0,0,0,0,0,0
enx00e04c6acbf8,33148091,1131411660,244560,902519,0,0,0,4,1620568113,20383706,1041321338,171834,760942,0,0,0
lo,1411993,1411993,13773,13773,0,0,0,4,1620568233,423316,423316,3821,3821,0,0,0
wlp1s0,0,0,0,0,0,0,0,4,1620568233,0,0,0,0,0,0,0
br-60d9c712ffd0,0,0,0,0,0,0,0,4,1620568233,0,0,0,0,0,0,0
docker0,0,0,0,0,0,0,0,4,1620568233,0,0,0,0,0,0,0
enx00e04c6acbf8,33218689,1132833733,245184,903940,0,0,0,4,1620568233,20454304,1042743411,172458,762363,0,0,0
lo,1416433,1416433,13809,13809,0,0,0,4,1620568354,427756,427756,3857,3857,0,0,0
wlp1s0,0,0,0,0,0,0,0,4,1620568354,0,0,0,0,0,0,0
br-60d9c712ffd0,0,0,0,0,0,0,0,4,1620568354,0,0,0,0,0,0,0
docker0,0,0,0,0,0,0,0,4,1620568354,0,0,0,0,0,0,0
enx00e04c6acbf8,33282973,1133749610,245731,904927,0,0,0,4,1620568354,20518588,1043659288,173005,763350,0,0,0
lo,1417667,1417667,13821,13821,0,0,0,4,1620568474,428990,428990,3869,3869,0,0,0
wlp1s0,0,0,0,0,0,0,0,4,1620568474,0,0,0,0,0,0,0
br-60d9c712ffd0,0,0,0,0,0,0,0,4,1620568474,0,0,0,0,0,0,0
docker0,0,0,0,0,0,0,0,4,1620568474,0,0,0,0,0,0,0
enx00e04c6acbf8,33308229,1133796562,245880,905267,0,0,0,4,1620568474,20543844,1043706240,173154,763690,0,0,0
lo,1418355,1418355,13825,13825,0,0,0,4,1620568594,429678,429678,3873,3873,0,0,0
wlp1s0,0,0,0,0,0,0,0,4,1620568594,0,0,0,0,0,0,0
br-60d9c712ffd0,0,0,0,0,0,0,0,4,1620568594,0,0,0,0,0,0,0
docker0,0,0,0,0,0,0,0,4,1620568594,0,0,0,0,0,0,0
enx00e04c6acbf8,33323823,1133836115,246001,905633,0,0,0,4,1620568594,20559438,1043745793,173275,764056,0,0,0
lo,1418761,1418761,13829,13829,0,0,0,4,1620568714,430084,430084,3877,3877,0,0,0
wlp1s0,0,0,0,0,0,0,0,4,1620568714,0,0,0,0,0,0,0
br-60d9c712ffd0,0,0,0,0,0,0,0,4,1620568714,0,0,0,0,0,0,0
docker0,0,0,0,0,0,0,0,4,1620568714,0,0,0,0,0,0,0
enx00e04c6acbf8,33342352,1133871252,246117,905957,0,0,0,4,1620568714,20577967,1043780930,173391,764380,0,0,0
lo,1420500,1420500,13843,13843,0,0,0,4,1620568834,431823,431823,3891,3891,0,0,0
wlp1s0,0,0,0,0,0,0,0,4,1620568834,0,0,0,0,0,0,0
br-60d9c712ffd0,0,0,0,0,0,0,0,4,1620568834,0,0,0,0,0,0,0
docker0,0,0,0,0,0,0,0,4,1620568834,0,0,0,0,0,0,0
enx00e04c6acbf8,33364168,1133914243,246259,906305,0,0,0,4,1620568834,20599783,1043823921,173533,764728,0,0,0
lo,1422351,1422351,13859,13859,0,0,0,4,1620568954,433674,433674,3907,3907,0,0,0
wlp1s0,0,0,0,0,0,0,0,4,1620568954,0,0,0,0,0,0,0
br-60d9c712ffd0,0,0,0,0,0,0,0,4,1620568954,0,0,0,0,0,0,0
docker0,0,0,0,0,0,0,0,4,1620568954,0,0,0,0,0,0,0
enx00e04c6acbf8,33430635,1134056697,246588,906867,0,0,0,4,1620568954,20666250,1043966375,173862,765290,0,0,0
lo,1424683,1424683,13881,13881,0,0,0,4,1620569074,436006,436006,3929,3929,0,0,0
wlp1s0,0,0,0,0,0,0,0,4,1620569074,0,0,0,0,0,0,0
br-60d9c712ffd0,0,0,0,0,0,0,0,4,1620569074,0,0,0,0,0,0,0
docker0,0,0,0,0,0,0,0,4,1620569074,0,0,0,0,0,0,0
enx00e04c6acbf8,33545502,1135888535,247502,908747,0,0,0,4,1620569074,20781117,1045798213,174776,767170,0,0,0
lo,1426059,1426059,13893,13893,0,0,0,4,1620569194,437382,437382,3941,3941,0,0,0
wlp1s0,0,0,0,0,0,0,0,4,1620569194,0,0,0,0,0,0,0
br-60d9c712ffd0,0,0,0,0,0,0,0,4,1620569194,0,0,0,0,0,0,0
docker0,0,0,0,0,0,0,0,4,1620569194,0,0,0,0,0,0,0
enx00e04c6acbf8,33621839,1136622899,248071,909823,0,0,0,4,1620569194,20857454,1046532577,175345,768246,0,0,0
lo,1426967,1426967,13901,13901,0,0,0,4,1620569314,438290,438290,3949,3949,0,0,0
wlp1s0,0,0,0,0,0,0,0,4,1620569314,0,0,0,0,0,0,0
br-60d9c712ffd0,0,0,0,0,0,0,0,4,1620569314,0,0,0,0,0,0,0
docker0,0,0,0,0,0,0,0,4,1620569314,0,0,0,0,0,0,0
enx00e04c6acbf8,33682022,1137335721,248576,910801,0,0,0,4,1620569314,20917637,1047245399,175850,769224,0,0,0
lo,1428380,1428380,13913,13913,0,0,0,4,1620569434,439703,439703,3961,3961,0,0,0
wlp1s0,0,0,0,0,0,0,0,4,1620569434,0,0,0,0,0,0,0
br-60d9c712ffd0,0,0,0,0,0,0,0,4,1620569434,0,0,0,0,0,0,0
docker0,0,0,0,0,0,0,0,4,1620569434,0,0,0,0,0,0,0
enx00e04c6acbf8,33736203,1137489180,248945,911360,0,0,0,4,1620569434,20971818,1047398858,176219,769783,0,0,0
lo,1430016,1430016,13927,13927,0,0,0,4,1620569555,441339,441339,3975,3975,0,0,0
wlp1s0,0,0,0,0,0,0,0,4,1620569555,0,0,0,0,0,0,0
br-60d9c712ffd0,0,0,0,0,0,0,0,4,1620569555,0,0,0,0,0,0,0
docker0,0,0,0,0,0,0,0,4,1620569555,0,0,0,0,0,0,0
enx00e04c6acbf8,33805299,1138192805,249484,912284,0,0,0,4,1620569555,21040914,1048102483,176758,770707,0,0,0
lo,1431368,1431368,13941,13941,0,0,0,4,1620569675,442691,442691,3989,3989,0,0,0
wlp1s0,0,0,0,0,0,0,0,4,1620569675,0,0,0,0,0,0,0
br-60d9c712ffd0,0,0,0,0,0,0,0,4,1620569675,0,0,0,0,0,0,0
docker0,0,0,0,0,0,0,0,4,1620569675,0,0,0,0,0,0,0
enx00e04c6acbf8,33869954,1139216731,250046,913386,0,0,0,4,1620569675,21105569,1049126409,177320,771809,0,0,0
lo,1432480,1432480,13949,13949,0,0,0,4,1620569795,443803,443803,3997,3997,0,0,0
wlp1s0,0,0,0,0,0,0,0,4,1620569795,0,0,0,0,0,0,0
br-60d9c712ffd0,0,0,0,0,0,0,0,4,1620569795,0,0,0,0,0,0,0
docker0,0,0,0,0,0,0,0,4,1620569795,0,0,0,0,0,0,0
enx00e04c6acbf8,33943698,1139375791,250528,913990,0,0,0,4,1620569795,21179313,1049285469,177802,772413,0,0,0
lo,1436887,1436887,13995,13995,0,0,0,4,1620569915,448210,448210,4043,4043,0,0,0
wlp1s0,0,0,0,0,0,0,0,4,1620569915,0,0,0,0,0,0,0
br-60d9c712ffd0,0,0,0,0,0,0,0,4,1620569915,0,0,0,0,0,0,0
docker0,0,0,0,0,0,0,0,4,1620569915,0,0,0,0,0,0,0
enx00e04c6acbf8,34134364,1140875010,251656,915797,0,0,0,4,1620569915,21369979,1050784688,178930,774220,0,0,0
lo,1439260,1439260,14017,14017,0,0,0,4,1620570035,450583,450583,4065,4065,0,0,0
wlp1s0,0,0,0,0,0,0,0,4,1620570035,0,0,0,0,0,0,0
br-60d9c712ffd0,0,0,0,0,0,0,0,4,1620570035,0,0,0,0,0,0,0
docker0,0,0,0,0,0,0,0,4,1620570035,0,0,0,0,0,0,0
enx00e04c6acbf8,34210098,1141706536,252207,916778,0,0,0,4,1620570035,21445713,1051616214,179481,775201,0,0,0
lo,1439877,1439877,14023,14023,0,0,0,4,1620570155,451200,451200,4071,4071,0,0,0
wlp1s0,0,0,0,0,0,0,0,4,1620570155,0,0,0,0,0,0,0
br-60d9c712ffd0,0,0,0,0,0,0,0,4,1620570155,0,0,0,0,0,0,0
docker0,0,0,0,0,0,0,0,4,1620570155,0,0,0,0,0,0,0
enx00e04c6acbf8,34256388,1141772814,252466,917145,0,0,0,4,1620570155,21492003,1051682492,179740,775568,0,0,0
lo,1442434,1442434,14045,14045,0,0,0,4,1620570275,453757,453757,4093,4093,0,0,0
wlp1s0,0,0,0,0,0,0,0,4,1620570275,0,0,0,0,0,0,0
br-60d9c712ffd0,0,0,0,0,0,0,0,4,1620570275,0,0,0,0,0,0,0
docker0,0,0,0,0,0,0,0,4,1620570275,0,0,0,0,0,0,0
enx00e04c6acbf8,34348013,1142661718,253138,918328,0,0,0,4,1620570275,21583628,1052571396,180412,776751,0,0,0
lo,1443344,1443344,14053,14053,0,0,0,4,1620570395,454667,454667,4101,4101,0,0,0
wlp1s0,0,0,0,0,0,0,0,4,1620570395,0,0,0,0,0,0,0
br-60d9c712ffd0,0,0,0,0,0,0,0,4,1620570395,0,0,0,0,0,0,0
docker0,0,0,0,0,0,0,0,4,1620570395,0,0,0,0,0,0,0
enx00e04c6acbf8,34390402,1143387461,253544,919145,0,0,0,4,1620570395,21626017,1053297139,180818,777568,0,0,0
lo,1444057,1444057,14059,14059,0,0,0,4,1620570515,455380,455380,4107,4107,0,0,0
wlp1s0,0,0,0,0,0,0,0,4,1620570515,0,0,0,0,0,0,0
br-60d9c712ffd0,0,0,0,0,0,0,0,4,1620570515,0,0,0,0,0,0,0
docker0,0,0,0,0,0,0,0,4,1620570515,0,0,0,0,0,0,0
enx00e04c6acbf8,34415783,1143430477,253707,919402,0,0,0,4,1620570515,21651398,1053340155,180981,777825,0,0,0
lo,1446107,1446107,14075,14075,0,0,0,4,1620570636,457430,457430,4123,4123,0,0,0
wlp1s0,0,0,0,0,0,0,0,4,1620570636,0,0,0,0,0,0,0
br-60d9c712ffd0,0,0,0,0,0,0,0,4,1620570636,0,0,0,0,0,0,0
docker0,0,0,0,0,0,0,0,4,1620570636,0,0,0,0,0,0,0
enx00e04c6acbf8,34440425,1143478350,253867,919673,0,0,0,4,1620570636,21676040,1053388028,181141,778096,0,0,0
lo,1446550,1446550,14079,14079,0,0,0,4,1620570756,457873,457873,4127,4127,0,0,0
wlp1s0,0,0,0,0,0,0,0,4,1620570756,0,0,0,0,0,0,0
br-60d9c712ffd0,0,0,0,0,0,0,0,4,1620570756,0,0,0,0,0,0,0
docker0,0,0,0,0,0,0,0,4,1620570756,0,0,0,0,0,0,0
enx00e04c6acbf8,34465410,1143516247,254006,919917,0,0,0,4,1620570756,21701025,1053425925,181280,778340,0,0,0
lo,1447838,1447838,14089,14089,0,0,0,4,1620570876,459161,459161,4137,4137,0,0,0
wlp1s0,0,0,0,0,0,0,0,4,1620570876,0,0,0,0,0,0,0
br-60d9c712ffd0,0,0,0,0,0,0,0,4,1620570876,0,0,0,0,0,0,0
docker0,0,0,0,0,0,0,0,4,1620570876,0,0,0,0,0,0,0
enx00e04c6acbf8,34483941,1143554117,254149,920177,0,0,0,4,1620570876,21719556,1053463795,181423,778600,0,0,0
lo,1448454,1448454,14095,14095,0,0,0,4,1620570996,459777,459777,4143,4143,0,0,0
wlp1s0,0,0,0,0,0,0,0,4,1620570996,0,0,0,0,0,0,0
br-60d9c712ffd0,0,0,0,0,0,0,0,4,1620570996,0,0,0,0,0,0,0
docker0,0,0,0,0,0,0,0,4,1620570996,0,0,0,0,0,0,0
enx00e04c6acbf8,34501413,1143588870,254278,920391,0,0,0,4,1620570996,21737028,1053498548,181552,778814,0,0,0
lo,1448832,1448832,14097,14097,0,0,0,4,1620571116,460155,460155,4145,4145,0,0,0
wlp1s0,0,0,0,0,0,0,0,4,1620571116,0,0,0,0,0,0,0
br-60d9c712ffd0,0,0,0,0,0,0,0,4,1620571116,0,0,0,0,0,0,0
docker0,0,0,0,0,0,0,0,4,1620571116,0,0,0,0,0,0,0
enx00e04c6acbf8,34513748,1143610947,254381,920582,0,0,0,4,1620571116,21749363,1053520625,181655,779005,0,0,0
lo,1449742,1449742,14105,14105,0,0,0,4,1620571236,461065,461065,4153,4153,0,0,0
wlp1s0,0,0,0,0,0,0,0,4,1620571236,0,0,0,0,0,0,0
br-60d9c712ffd0,0,0,0,0,0,0,0,4,1620571236,0,0,0,0,0,0,0
docker0,0,0,0,0,0,0,0,4,1620571236,0,0,0,0,0,0,0
enx00e04c6acbf8,34528752,1143656388,254501,920752,0,0,0,4,1620571236,21764367,1053566066,181775,779175,0,0,0
lo,1450471,1450471,14111,14111,0,0,0,4,1620571356,461794,461794,4159,4159,0,0,0
wlp1s0,0,0,0,0,0,0,0,4,1620571356,0,0,0,0,0,0,0
br-60d9c712ffd0,0,0,0,0,0,0,0,4,1620571356,0,0,0,0,0,0,0
docker0,0,0,0,0,0,0,0,4,1620571356,0,0,0,0,0,0,0
enx00e04c6acbf8,34549091,1143688449,254629,920902,0,0,0,4,1620571356,21784706,1053598127,181903,779325,0,0,0
lo,1469340,1469340,14269,14269,0,0,0,4,1620571817,0,0,0,0,0,0,0
wlp1s0,0,0,0,0,0,0,0,4,1620571817,0,0,0,0,0,0,0
br-60d9c712ffd0,0,0,0,0,0,0,0,4,1620571817,0,0,0,0,0,0,0
docker0,0,0,0,0,0,0,0,4,1620571817,0,0,0,0,0,0,0
enx00e04c6acbf8,9714776,134772882,56344,135851,0,0,0,4,1620571817,0,0,0,0,0,0,0
lo,1474252,1474252,14307,14307,0,0,0,4,1620571868,0,0,0,0,0,0,0
wlp1s0,0,0,0,0,0,0,0,4,1620571868,0,0,0,0,0,0,0
br-60d9c712ffd0,0,0,0,0,0,0,0,4,1620571868,0,0,0,0,0,0,0
docker0,0,0,0,0,0,0,0,4,1620571868,0,0,0,0,0,0,0
enx00e04c6acbf8,9745327,134808134,56524,136081,0,0,0,4,1620571868,0,0,0,0,0,0,0
lo,1489413,1489413,14445,14445,0,0,0,4,1620571988,15161,15161,138,138,0,0,0
wlp1s0,0,0,0,0,0,0,0,4,1620571988,0,0,0,0,0,0,0
br-60d9c712ffd0,0,0,0,0,0,0,0,4,1620571988,0,0,0,0,0,0,0
docker0,0,0,0,0,0,0,0,4,1620571988,0,0,0,0,0,0,0
enx00e04c6acbf8,10744606,136530191,58885,139085,0,0,0,4,1620571988,999279,1722057,2361,3004,0,0,0
lo,1494568,1494568,14497,14497,0,0,0,4,1620572108,20316,20316,190,190,0,0,0
wlp1s0,0,0,0,0,0,0,0,4,1620572108,0,0,0,0,0,0,0
br-60d9c712ffd0,0,0,0,0,0,0,0,4,1620572108,0,0,0,0,0,0,0
docker0,0,0,0,0,0,0,0,4,1620572108,0,0,0,0,0,0,0
enx00e04c6acbf8,10939949,139119338,60113,141762,0,0,0,4,1620572108,1194622,4311204,3589,5681,0,0,0
lo,1497893,1497893,14529,14529,0,0,0,4,1620572228,23641,23641,222,222,0,0,0
wlp1s0,0,0,0,0,0,0,0,4,1620572228,0,0,0,0,0,0,0
br-60d9c712ffd0,0,0,0,0,0,0,0,4,1620572228,0,0,0,0,0,0,0
docker0,0,0,0,0,0,0,0,4,1620572228,0,0,0,0,0,0,0
enx00e04c6acbf8,11155852,139727144,61215,143139,0,0,0,4,1620572228,1410525,4919010,4691,7058,0,0,0
lo,1499532,1499532,14543,14543,0,0,0,4,1620572348,25280,25280,236,236,0,0,0
wlp1s0,0,0,0,0,0,0,0,4,1620572348,0,0,0,0,0,0,0
br-60d9c712ffd0,0,0,0,0,0,0,0,4,1620572348,0,0,0,0,0,0,0
docker0,0,0,0,0,0,0,0,4,1620572348,0,0,0,0,0,0,0
enx00e04c6acbf8,11219831,140624310,61788,144151,0,0,0,4,1620572348,1474504,5816176,5264,8070,0,0,0
lo,1513468,1513468,14667,14667,0,0,0,4,1620572469,39216,39216,360,360,0,0,0
wlp1s0,0,0,0,0,0,0,0,4,1620572469,0,0,0,0,0,0,0
br-60d9c712ffd0,0,0,0,0,0,0,0,4,1620572469,0,0,0,0,0,0,0
docker0,0,0,0,0,0,0,0,4,1620572469,0,0,0,0,0,0,0
enx00e04c6acbf8,12132012,141733632,63781,146339,0,0,0,4,1620572469,2386685,6925498,7257,10258,0,0,0
lo,1514668,1514668,14677,14677,0,0,0,4,1620572589,40416,40416,370,370,0,0,0
wlp1s0,0,0,0,0,0,0,0,4,1620572589,0,0,0,0,0,0,0
br-60d9c712ffd0,0,0,0,0,0,0,0,4,1620572589,0,0,0,0,0,0,0
docker0,0,0,0,0,0,0,0,4,1620572589,0,0,0,0,0,0,0
enx00e04c6acbf8,12194603,141803171,64106,146702,0,0,0,4,1620572589,2449276,6995037,7582,10621,0,0,0
lo,1517391,1517391,14701,14701,0,0,0,4,1620572709,43139,43139,394,394,0,0,0
wlp1s0,0,0,0,0,0,0,0,4,1620572709,0,0,0,0,0,0,0
br-60d9c712ffd0,0,0,0,0,0,0,0,4,1620572709,0,0,0,0,0,0,0
docker0,0,0,0,0,0,0,0,4,1620572709,0,0,0,0,0,0,0
enx00e04c6acbf8,12291632,142014540,64695,147341,0,0,0,4,1620572709,2546305,7206406,8171,11260,0,0,0
lo,1525487,1525487,14777,14777,0,0,0,4,1620572829,51235,51235,470,470,0,0,0
wlp1s0,0,0,0,0,0,0,0,4,1620572829,0,0,0,0,0,0,0
br-60d9c712ffd0,0,0,0,0,0,0,0,4,1620572829,0,0,0,0,0,0,0
docker0,0,0,0,0,0,0,0,4,1620572829,0,0,0,0,0,0,0
enx00e04c6acbf8,12511997,145031695,66152,150158,0,0,0,4,1620572829,2766670,10223561,9628,14077,0,0,0
lo,1528285,1528285,14803,14803,0,0,0,4,1620572949,54033,54033,496,496,0,0,0
wlp1s0,0,0,0,0,0,0,0,4,1620572949,0,0,0,0,0,0,0
br-60d9c712ffd0,0,0,0,0,0,0,0,4,1620572949,0,0,0,0,0,0,0
docker0,0,0,0,0,0,0,0,4,1620572949,0,0,0,0,0,0,0
enx00e04c6acbf8,12611209,146185486,66824,151409,0,0,0,4,1620572949,2865882,11377352,10300,15328,0,0,0
lo,1529919,1529919,14817,14817,0,0,0,4,1620573069,55667,55667,510,510,0,0,0
wlp1s0,0,0,0,0,0,0,0,4,1620573069,0,0,0,0,0,0,0
br-60d9c712ffd0,0,0,0,0,0,0,0,4,1620573069,0,0,0,0,0,0,0
docker0,0,0,0,0,0,0,0,4,1620573069,0,0,0,0,0,0,0
enx00e04c6acbf8,12701842,148103288,67604,153114,0,0,0,4,1620573069,2956515,13295154,11080,17033,0,0,0
lo,1532680,1532680,14841,14841,0,0,0,4,1620573189,58428,58428,534,534,0,0,0
wlp1s0,0,0,0,0,0,0,0,4,1620573189,0,0,0,0,0,0,0
br-60d9c712ffd0,0,0,0,0,0,0,0,4,1620573189,0,0,0,0,0,0,0
docker0,0,0,0,0,0,0,0,4,1620573189,0,0,0,0,0,0,0
enx00e04c6acbf8,12792700,148253985,68064,153598,0,0,0,4,1620573189,3047373,13445851,11540,17517,0,0,0
lo,1533879,1533879,14853,14853,0,0,0,4,1620573309,59627,59627,546,546,0,0,0
wlp1s0,0,0,0,0,0,0,0,4,1620573309,0,0,0,0,0,0,0
br-60d9c712ffd0,0,0,0,0,0,0,0,4,1620573309,0,0,0,0,0,0,0
docker0,0,0,0,0,0,0,0,4,1620573309,0,0,0,0,0,0,0
enx00e04c6acbf8,12904518,148387947,68624,154195,0,0,0,4,1620573309,3159191,13579813,12100,18114,0,0,0
lo,1543465,1543465,14937,14937,0,0,0,4,1620573429,69213,69213,630,630,0,0,0
wlp1s0,0,0,0,0,0,0,0,4,1620573429,0,0,0,0,0,0,0
br-60d9c712ffd0,0,0,0,0,0,0,0,4,1620573429,0,0,0,0,0,0,0
docker0,0,0,0,0,0,0,0,4,1620573429,0,0,0,0,0,0,0
enx00e04c6acbf8,13122596,149982586,69784,156023,0,0,0,4,1620573429,3377269,15174452,13260,19942,0,0,0
lo,1545135,1545135,14953,14953,0,0,0,4,1620573549,70883,70883,646,646,0,0,0
wlp1s0,0,0,0,0,0,0,0,4,1620573549,0,0,0,0,0,0,0
br-60d9c712ffd0,0,0,0,0,0,0,0,4,1620573549,0,0,0,0,0,0,0
docker0,0,0,0,0,0,0,0,4,1620573549,0,0,0,0,0,0,0
enx00e04c6acbf8,13307690,150085170,70251,156422,0,0,0,4,1620573549,3562363,15277036,13727,20341,0,0,0
lo,1546956,1546956,14967,14967,0,0,0,4,1620573670,72704,72704,660,660,0,0,0
wlp1s0,0,0,0,0,0,0,0,4,1620573670,0,0,0,0,0,0,0
br-60d9c712ffd0,0,0,0,0,0,0,0,4,1620573670,0,0,0,0,0,0,0
docker0,0,0,0,0,0,0,0,4,1620573670,0,0,0,0,0,0,0
enx00e04c6acbf8,13368859,150213373,70641,156896,0,0,0,4,1620573670,3623532,15405239,14117,20815,0,0,0
lo,1547986,1547986,14977,14977,0,0,0,4,1620573790,73734,73734,670,670,0,0,0
wlp1s0,0,0,0,0,0,0,0,4,1620573790,0,0,0,0,0,0,0
br-60d9c712ffd0,0,0,0,0,0,0,0,4,1620573790,0,0,0,0,0,0,0
docker0,0,0,0,0,0,0,0,4,1620573790,0,0,0,0,0,0,0
enx00e04c6acbf8,13462192,150375869,71135,157400,0,0,0,4,1620573790,3716865,15567735,14611,21319,0,0,0
lo,1550507,1550507,14997,14997,0,0,0,4,1620573910,76255,76255,690,690,0,0,0
wlp1s0,0,0,0,0,0,0,0,4,1620573910,0,0,0,0,0,0,0
br-60d9c712ffd0,0,0,0,0,0,0,0,4,1620573910,0,0,0,0,0,0,0
docker0,0,0,0,0,0,0,0,4,1620573910,0,0,0,0,0,0,0
enx00e04c6acbf8,13529892,151292259,71662,158386,0,0,0,4,1620573910,3784565,16484125,15138,22305,0,0,0
lo,1550507,1550507,14997,14997,0,0,0,4,1620574030,76255,76255,690,690,0,0,0
wlp1s0,0,0,0,0,0,0,0,4,1620574030,0,0,0,0,0,0,0
br-60d9c712ffd0,0,0,0,0,0,0,0,4,1620574030,0,0,0,0,0,0,0
docker0,0,0,0,0,0,0,0,4,1620574030,0,0,0,0,0,0,0
enx00e04c6acbf8,13544392,151306306,71781,158517,0,0,0,4,1620574030,3799065,16498172,15257,22436,0,0,0
lo,1552766,1552766,15015,15015,0,0,0,4,1620574150,78514,78514,708,708,0,0,0
wlp1s0,0,0,0,0,0,0,0,4,1620574150,0,0,0,0,0,0,0
br-60d9c712ffd0,0,0,0,0,0,0,0,4,1620574150,0,0,0,0,0,0,0
docker0,0,0,0,0,0,0,0,4,1620574150,0,0,0,0,0,0,0
enx00e04c6acbf8,13619598,153064446,72449,160013,0,0,0,4,1620574150,3874271,18256312,15925,23932,0,0,0
lo,1553736,1553736,15023,15023,0,0,0,4,1620574270,79484,79484,716,716,0,0,0
wlp1s0,0,0,0,0,0,0,0,4,1620574270,0,0,0,0,0,0,0
br-60d9c712ffd0,0,0,0,0,0,0,0,4,1620574270,0,0,0,0,0,0,0
docker0,0,0,0,0,0,0,0,4,1620574270,0,0,0,0,0,0,0
enx00e04c6acbf8,13653406,153163025,72696,160300,0,0,0,4,1620574270,3908079,18354891,16172,24219,0,0,0
lo,1555750,1555750,15037,15037,0,0,0,4,1620574390,81498,81498,730,730,0,0,0
wlp1s0,0,0,0,0,0,0,0,4,1620574390,0,0,0,0,0,0,0
br-60d9c712ffd0,0,0,0,0,0,0,0,4,1620574390,0,0,0,0,0,0,0
docker0,0,0,0,0,0,0,0,4,1620574390,0,0,0,0,0,0,0
enx00e04c6acbf8,13729394,153600322,73129,160948,0,0,0,4,1620574390,3984067,18792188,16605,24867,0,0,0
lo,1556350,1556350,15043,15043,0,0,0,4,1620574510,82098,82098,736,736,0,0,0
wlp1s0,0,0,0,0,0,0,0,4,1620574510,0,0,0,0,0,0,0
br-60d9c712ffd0,0,0,0,0,0,0,0,4,1620574510,0,0,0,0,0,0,0
docker0,0,0,0,0,0,0,0,4,1620574510,0,0,0,0,0,0,0
enx00e04c6acbf8,13754517,153768760,73351,161255,0,0,0,4,1620574510,4009190,18960626,16827,25174,0,0,0
lo,1557963,1557963,15055,15055,0,0,0,4,1620574631,83711,83711,748,748,0,0,0
wlp1s0,0,0,0,0,0,0,0,4,1620574631,0,0,0,0,0,0,0
br-60d9c712ffd0,0,0,0,0,0,0,0,4,1620574631,0,0,0,0,0,0,0
docker0,0,0,0,0,0,0,0,4,1620574631,0,0,0,0,0,0,0
enx00e04c6acbf8,13792549,153831476,73615,161538,0,0,0,4,1620574631,4047222,19023342,17091,25457,0,0,0
lo,1558668,1558668,15063,15063,0,0,0,4,1620574751,84416,84416,756,756,0,0,0
wlp1s0,0,0,0,0,0,0,0,4,1620574751,0,0,0,0,0,0,0
br-60d9c712ffd0,0,0,0,0,0,0,0,4,1620574751,0,0,0,0,0,0,0
docker0,0,0,0,0,0,0,0,4,1620574751,0,0,0,0,0,0,0
enx00e04c6acbf8,13834853,154627249,74039,162305,0,0,0,4,1620574751,4089526,19819115,17515,26224,0,0,0
lo,1559579,1559579,15071,15071,0,0,0,4,1620574871,85327,85327,764,764,0,0,0
wlp1s0,0,0,0,0,0,0,0,4,1620574871,0,0,0,0,0,0,0
br-60d9c712ffd0,0,0,0,0,0,0,0,4,1620574871,0,0,0,0,0,0,0
docker0,0,0,0,0,0,0,0,4,1620574871,0,0,0,0,0,0,0
enx00e04c6acbf8,13879379,154700394,74339,162634,0,0,0,4,1620574871,4134052,19892260,17815,26553,0,0,0
lo,1561040,1561040,15083,15083,0,0,0,4,1620574991,86788,86788,776,776,0,0,0
wlp1s0,0,0,0,0,0,0,0,4,1620574991,0,0,0,0,0,0,0
br-60d9c712ffd0,0,0,0,0,0,0,0,4,1620574991,0,0,0,0,0,0,0
docker0,0,0,0,0,0,0,0,4,1620574991,0,0,0,0,0,0,0
enx00e04c6acbf8,13973283,156393347,75179,164235,0,0,0,4,1620574991,4227956,21585213,18655,28154,0,0,0
lo,1562054,1562054,15093,15093,0,0,0,4,1620575111,87802,87802,786,786,0,0,0
wlp1s0,0,0,0,0,0,0,0,4,1620575111,0,0,0,0,0,0,0
br-60d9c712ffd0,0,0,0,0,0,0,0,4,1620575111,0,0,0,0,0,0,0
docker0,0,0,0,0,0,0,0,4,1620575111,0,0,0,0,0,0,0
enx00e04c6acbf8,14022739,156473436,75521,164574,0,0,0,4,1620575111,4277412,21665302,18997,28493,0,0,0
lo,1563638,1563638,15105,15105,0,0,0,4,1620575231,89386,89386,798,798,0,0,0
wlp1s0,0,0,0,0,0,0,0,4,1620575231,0,0,0,0,0,0,0
br-60d9c712ffd0,0,0,0,0,0,0,0,4,1620575231,0,0,0,0,0,0,0
docker0,0,0,0,0,0,0,0,4,1620575231,0,0,0,0,0,0,0
enx00e04c6acbf8,14076388,156569190,75873,164985,0,0,0,4,1620575231,4331061,21761056,19349,28904,0,0,0
lo,1564837,1564837,15117,15117,0,0,0,4,1620575351,90585,90585,810,810,0,0,0
wlp1s0,0,0,0,0,0,0,0,4,1620575351,0,0,0,0,0,0,0
br-60d9c712ffd0,0,0,0,0,0,0,0,4,1620575351,0,0,0,0,0,0,0
docker0,0,0,0,0,0,0,0,4,1620575351,0,0,0,0,0,0,0
enx00e04c6acbf8,14259533,158263040,76763,166581,0,0,0,4,1620575351,4514206,23454906,20239,30500,0,0,0
lo,1575767,1575767,15203,15203,0,0,0,4,1620575471,101515,101515,896,896,0,0,0
wlp1s0,0,0,0,0,0,0,0,4,1620575471,0,0,0,0,0,0,0
br-60d9c712ffd0,0,0,0,0,0,0,0,4,1620575471,0,0,0,0,0,0,0
docker0,0,0,0,0,0,0,0,4,1620575471,0,0,0,0,0,0,0
enx00e04c6acbf8,14408234,159850685,77770,168250,0,0,0,4,1620575471,4662907,25042551,21246,32169,0,0,0
lo,1577249,1577249,15215,15215,0,0,0,4,1620575592,102997,102997,908,908,0,0,0
wlp1s0,0,0,0,0,0,0,0,4,1620575592,0,0,0,0,0,0,0
br-60d9c712ffd0,0,0,0,0,0,0,0,4,1620575592,0,0,0,0,0,0,0
docker0,0,0,0,0,0,0,0,4,1620575592,0,0,0,0,0,0,0
enx00e04c6acbf8,14470254,159943003,78120,168645,0,0,0,4,1620575592,4724927,25134869,21596,32564,0,0,0
lo,1578424,1578424,15227,15227,0,0,0,4,1620575712,104172,104172,920,920,0,0,0
wlp1s0,0,0,0,0,0,0,0,4,1620575712,0,0,0,0,0,0,0
br-60d9c712ffd0,0,0,0,0,0,0,0,4,1620575712,0,0,0,0,0,0,0
docker0,0,0,0,0,0,0,0,4,1620575712,0,0,0,0,0,0,0
enx00e04c6acbf8,14536136,161363890,78720,169929,0,0,0,4,1620575712,4790809,26555756,22196,33848,0,0,0
lo,1579421,1579421,15233,15233,0,0,0,4,1620575832,105169,105169,926,926,0,0,0
wlp1s0,0,0,0,0,0,0,0,4,1620575832,0,0,0,0,0,0,0
br-60d9c712ffd0,0,0,0,0,0,0,0,4,1620575832,0,0,0,0,0,0,0
docker0,0,0,0,0,0,0,0,4,1620575832,0,0,0,0,0,0,0
enx00e04c6acbf8,14561828,161396737,78885,170097,0,0,0,4,1620575832,4816501,26588603,22361,34016,0,0,0
lo,1580255,1580255,15241,15241,0,0,0,4,1620575952,106003,106003,934,934,0,0,0
wlp1s0,0,0,0,0,0,0,0,4,1620575952,0,0,0,0,0,0,0
br-60d9c712ffd0,0,0,0,0,0,0,0,4,1620575952,0,0,0,0,0,0,0
docker0,0,0,0,0,0,0,0,4,1620575952,0,0,0,0,0,0,0
enx00e04c6acbf8,14579812,161415698,79017,170228,0,0,0,4,1620575952,4834485,26607564,22493,34147,0,0,0
lo,1581692,1581692,15253,15253,0,0,0,4,1620576072,107440,107440,946,946,0,0,0
wlp1s0,0,0,0,0,0,0,0,4,1620576072,0,0,0,0,0,0,0
br-60d9c712ffd0,0,0,0,0,0,0,0,4,1620576072,0,0,0,0,0,0,0
docker0,0,0,0,0,0,0,0,4,1620576072,0,0,0,0,0,0,0
enx00e04c6acbf8,14685567,164073310,80087,172515,0,0,0,4,1620576072,4940240,29265176,23563,36434,0,0,0
lo,1583407,1583407,15265,15265,0,0,0,4,1620576192,109155,109155,958,958,0,0,0
wlp1s0,0,0,0,0,0,0,0,4,1620576192,0,0,0,0,0,0,0
br-60d9c712ffd0,0,0,0,0,0,0,0,4,1620576192,0,0,0,0,0,0,0
docker0,0,0,0,0,0,0,0,4,1620576192,0,0,0,0,0,0,0
enx00e04c6acbf8,14741761,164160462,80371,172839,0,0,0,4,1620576192,4996434,29352328,23847,36758,0,0,0
lo,1585384,1585384,15283,15283,0,0,0,4,1620576312,111132,111132,976,976,0,0,0
wlp1s0,0,0,0,0,0,0,0,4,1620576312,0,0,0,0,0,0,0
br-60d9c712ffd0,0,0,0,0,0,0,0,4,1620576312,0,0,0,0,0,0,0
docker0,0,0,0,0,0,0,0,4,1620576312,0,0,0,0,0,0,0
enx00e04c6acbf8,14821860,165466005,81075,174135,0,0,0,4,1620576312,5076533,30657871,24551,38054,0,0,0
lo,1586430,1586430,15291,15291,0,0,0,4,1620576432,112178,112178,984,984,0,0,0
wlp1s0,0,0,0,0,0,0,0,4,1620576432,0,0,0,0,0,0,0
br-60d9c712ffd0,0,0,0,0,0,0,0,4,1620576432,0,0,0,0,0,0,0
docker0,0,0,0,0,0,0,0,4,1620576432,0,0,0,0,0,0,0
enx00e04c6acbf8,14867256,165541218,81391,174463,0,0,0,4,1620576432,5121929,30733084,24867,38382,0,0,0
lo,1587931,1587931,15305,15305,0,0,0,4,1620576553,113679,113679,998,998,0,0,0
wlp1s0,0,0,0,0,0,0,0,4,1620576553,0,0,0,0,0,0,0
br-60d9c712ffd0,0,0,0,0,0,0,0,4,1620576553,0,0,0,0,0,0,0
docker0,0,0,0,0,0,0,0,4,1620576553,0,0,0,0,0,0,0
enx00e04c6acbf8,14928756,166255259,81886,175277,0,0,0,4,1620576553,5183429,31447125,25362,39196,0,0,0
lo,1591853,1591853,15339,15339,0,0,0,4,1620576673,117601,117601,1032,1032,0,0,0
wlp1s0,0,0,0,0,0,0,0,4,1620576673,0,0,0,0,0,0,0
br-60d9c712ffd0,0,0,0,0,0,0,0,4,1620576673,0,0,0,0,0,0,0
docker0,0,0,0,0,0,0,0,4,1620576673,0,0,0,0,0,0,0
enx00e04c6acbf8,15036404,167081459,82575,176283,0,0,0,4,1620576673,5291077,32273325,26051,40202,0,0,0
lo,1593157,1593157,15351,15351,0,0,0,4,1620576793,118905,118905,1044,1044,0,0,0
wlp1s0,0,0,0,0,0,0,0,4,1620576793,0,0,0,0,0,0,0
br-60d9c712ffd0,0,0,0,0,0,0,0,4,1620576793,0,0,0,0,0,0,0
docker0,0,0,0,0,0,0,0,4,1620576793,0,0,0,0,0,0,0
enx00e04c6acbf8,15107605,167206201,82998,176726,0,0,0,4,1620576793,5362278,32398067,26474,40645,0,0,0
lo,1594729,1594729,15365,15365,0,0,0,4,1620576913,120477,120477,1058,1058,0,0,0
wlp1s0,0,0,0,0,0,0,0,4,1620576913,0,0,0,0,0,0,0
br-60d9c712ffd0,0,0,0,0,0,0,0,4,1620576913,0,0,0,0,0,0,0
docker0,0,0,0,0,0,0,0,4,1620576913,0,0,0,0,0,0,0
enx00e04c6acbf8,15177283,167906781,83539,177601,0,0,0,4,1620576913,5431956,33098647,27015,41520,0,0,0
lo,1595764,1595764,15373,15373,0,0,0,4,1620577033,121512,121512,1066,1066,0,0,0
wlp1s0,0,0,0,0,0,0,0,4,1620577033,0,0,0,0,0,0,0
br-60d9c712ffd0,0,0,0,0,0,0,0,4,1620577033,0,0,0,0,0,0,0
docker0,0,0,0,0,0,0,0,4,1620577033,0,0,0,0,0,0,0
enx00e04c6acbf8,15235572,168596183,84013,178368,0,0,0,4,1620577033,5490245,33788049,27489,42287,0,0,0
lo,1597760,1597760,15391,15391,0,0,0,4,1620577153,123508,123508,1084,1084,0,0,0
wlp1s0,0,0,0,0,0,0,0,4,1620577153,0,0,0,0,0,0,0
br-60d9c712ffd0,0,0,0,0,0,0,0,4,1620577153,0,0,0,0,0,0,0
docker0,0,0,0,0,0,0,0,4,1620577153,0,0,0,0,0,0,0
enx00e04c6acbf8,15410572,170604550,84992,180215,0,0,0,4,1620577153,5665245,35796416,28468,44134,0,0,0
lo,1599008,1599008,15401,15401,0,0,0,4,1620577273,124756,124756,1094,1094,0,0,0
wlp1s0,0,0,0,0,0,0,0,4,1620577273,0,0,0,0,0,0,0
br-60d9c712ffd0,0,0,0,0,0,0,0,4,1620577273,0,0,0,0,0,0,0
docker0,0,0,0,0,0,0,0,4,1620577273,0,0,0,0,0,0,0
enx00e04c6acbf8,15435331,170647645,85165,180406,0,0,0,4,1620577273,5690004,35839511,28641,44325,0,0,0
lo,1599680,1599680,15407,15407,0,0,0,4,1620577393,125428,125428,1100,1100,0,0,0
wlp1s0,0,0,0,0,0,0,0,4,1620577393,0,0,0,0,0,0,0
br-60d9c712ffd0,0,0,0,0,0,0,0,4,1620577393,0,0,0,0,0,0,0
docker0,0,0,0,0,0,0,0,4,1620577393,0,0,0,0,0,0,0
enx00e04c6acbf8,15463431,170678924,85320,180556,0,0,0,4,1620577393,5718104,35870790,28796,44475,0,0,0
lo,1601845,1601845,15423,15423,0,0,0,4,1620577513,127593,127593,1116,1116,0,0,0
wlp1s0,0,0,0,0,0,0,0,4,1620577513,0,0,0,0,0,0,0
br-60d9c712ffd0,0,0,0,0,0,0,0,4,1620577513,0,0,0,0,0,0,0
docker0,0,0,0,0,0,0,0,4,1620577513,0,0,0,0,0,0,0
enx00e04c6acbf8,15501142,170785267,85543,180810,0,0,0,4,1620577513,5755815,35977133,29019,44729,0,0,0
lo,1602155,1602155,15425,15425,0,0,0,4,1620577634,127903,127903,1118,1118,0,0,0
wlp1s0,0,0,0,0,0,0,0,4,1620577634,0,0,0,0,0,0,0
br-60d9c712ffd0,0,0,0,0,0,0,0,4,1620577634,0,0,0,0,0,0,0
docker0,0,0,0,0,0,0,0,4,1620577634,0,0,0,0,0,0,0
enx00e04c6acbf8,15519084,170803520,85691,180955,0,0,0,4,1620577634,5773757,35995386,29167,44874,0,0,0
lo,1603677,1603677,15437,15437,0,0,0,4,1620577754,129425,129425,1130,1130,0,0,0
wlp1s0,0,0,0,0,0,0,0,4,1620577754,0,0,0,0,0,0,0
br-60d9c712ffd0,0,0,0,0,0,0,0,4,1620577754,0,0,0,0,0,0,0
docker0,0,0,0,0,0,0,0,4,1620577754,0,0,0,0,0,0,0
enx00e04c6acbf8,15543279,170837329,85854,181124,0,0,0,4,1620577754,5797952,36029195,29330,45043,0,0,0
lo,1604144,1604144,15441,15441,0,0,0,4,1620577874,129892,129892,1134,1134,0,0,0
wlp1s0,0,0,0,0,0,0,0,4,1620577874,0,0,0,0,0,0,0
br-60d9c712ffd0,0,0,0,0,0,0,0,4,1620577874,0,0,0,0,0,0,0
docker0,0,0,0,0,0,0,0,4,1620577874,0,0,0,0,0,0,0
enx00e04c6acbf8,15559208,170851290,85970,181235,0,0,0,4,1620577874,5813881,36043156,29446,45154,0,0,0
lo,1605302,1605302,15451,15451,0,0,0,4,1620577994,131050,131050,1144,1144,0,0,0
wlp1s0,0,0,0,0,0,0,0,4,1620577994,0,0,0,0,0,0,0
br-60d9c712ffd0,0,0,0,0,0,0,0,4,1620577994,0,0,0,0,0,0,0
docker0,0,0,0,0,0,0,0,4,1620577994,0,0,0,0,0,0,0
enx00e04c6acbf8,15620981,170977053,86371,181649,0,0,0,4,1620577994,5875654,36168919,29847,45568,0,0,0
lo,1607256,1607256,15469,15469,0,0,0,4,1620578114,133004,133004,1162,1162,0,0,0
wlp1s0,0,0,0,0,0,0,0,4,1620578114,0,0,0,0,0,0,0
br-60d9c712ffd0,0,0,0,0,0,0,0,4,1620578114,0,0,0,0,0,0,0
docker0,0,0,0,0,0,0,0,4,1620578114,0,0,0,0,0,0,0
enx00e04c6acbf8,15681830,171080159,86736,182029,0,0,0,4,1620578114,5936503,36272025,30212,45948,0,0,0
lo,1608505,1608505,15479,15479,0,0,0,4,1620578234,134253,134253,1172,1172,0,0,0
wlp1s0,0,0,0,0,0,0,0,4,1620578234,0,0,0,0,0,0,0
br-60d9c712ffd0,0,0,0,0,0,0,0,4,1620578234,0,0,0,0,0,0,0
docker0,0,0,0,0,0,0,0,4,1620578234,0,0,0,0,0,0,0
enx00e04c6acbf8,15754558,171218882,87214,182530,0,0,0,4,1620578234,6009231,36410748,30690,46449,0,0,0
lo,1609217,1609217,15487,15487,0,0,0,4,1620578354,134965,134965,1180,1180,0,0,0
wlp1s0,0,0,0,0,0,0,0,4,1620578354,0,0,0,0,0,0,0
br-60d9c712ffd0,0,0,0,0,0,0,0,4,1620578354,0,0,0,0,0,0,0
docker0,0,0,0,0,0,0,0,4,1620578354,0,0,0,0,0,0,0
enx00e04c6acbf8,15801213,171306840,87538,182919,0,0,0,4,1620578354,6055886,36498706,31014,46838,0,0,0
lo,1610810,1610810,15499,15499,0,0,0,4,1620578474,136558,136558,1192,1192,0,0,0
wlp1s0,0,0,0,0,0,0,0,4,1620578474,0,0,0,0,0,0,0
br-60d9c712ffd0,0,0,0,0,0,0,0,4,1620578474,0,0,0,0,0,0,0
docker0,0,0,0,0,0,0,0,4,1620578474,0,0,0,0,0,0,0
enx00e04c6acbf8,15879756,172042043,88115,183831,0,0,0,4,1620578474,6134429,37233909,31591,47750,0,0,0
lo,1611583,1611583,15507,15507,0,0,0,4,1620578595,137331,137331,1200,1200,0,0,0
wlp1s0,0,0,0,0,0,0,0,4,1620578595,0,0,0,0,0,0,0
br-60d9c712ffd0,0,0,0,0,0,0,0,4,1620578595,0,0,0,0,0,0,0
docker0,0,0,0,0,0,0,0,4,1620578595,0,0,0,0,0,0,0
enx00e04c6acbf8,15957647,173175318,88806,184945,0,0,0,4,1620578595,6212320,38367184,32282,48864,0,0,0
lo,1612596,1612596,15517,15517,0,0,0,4,1620578715,138344,138344,1210,1210,0,0,0
wlp1s0,0,0,0,0,0,0,0,4,1620578715,0,0,0,0,0,0,0
br-60d9c712ffd0,0,0,0,0,0,0,0,4,1620578715,0,0,0,0,0,0,0
docker0,0,0,0,0,0,0,0,4,1620578715,0,0,0,0,0,0,0
enx00e04c6acbf8,16015615,174607946,89409,186169,0,0,0,4,1620578715,6270288,39799812,32885,50088,0,0,0
lo,1614654,1614654,15533,15533,0,0,0,4,1620578835,140402,140402,1226,1226,0,0,0
wlp1s0,0,0,0,0,0,0,0,4,1620578835,0,0,0,0,0,0,0
br-60d9c712ffd0,0,0,0,0,0,0,0,4,1620578835,0,0,0,0,0,0,0
docker0,0,0,0,0,0,0,0,4,1620578835,0,0,0,0,0,0,0
enx00e04c6acbf8,16090112,175654232,90005,187261,0,0,0,4,1620578835,6344785,40846098,33481,51180,0,0,0
lo,1616137,1616137,15547,15547,0,0,0,4,1620578955,141885,141885,1240,1240,0,0,0
wlp1s0,0,0,0,0,0,0,0,4,1620578955,0,0,0,0,0,0,0
br-60d9c712ffd0,0,0,0,0,0,0,0,4,1620578955,0,0,0,0,0,0,0
docker0,0,0,0,0,0,0,0,4,1620578955,0,0,0,0,0,0,0
enx00e04c6acbf8,16223576,175754267,90370,187627,0,0,0,4,1620578955,6478249,40946133,33846,51546,0,0,0
lo,1622716,1622716,15599,15599,0,0,0,4,1620579075,148464,148464,1292,1292,0,0,0
wlp1s0,0,0,0,0,0,0,0,4,1620579075,0,0,0,0,0,0,0
br-60d9c712ffd0,0,0,0,0,0,0,0,4,1620579075,0,0,0,0,0,0,0
docker0,0,0,0,0,0,0,0,4,1620579075,0,0,0,0,0,0,0
enx00e04c6acbf8,16296209,175874366,90832,188075,0,0,0,4,1620579075,6550882,41066232,34308,51994,0,0,0
lo,1624720,1624720,15617,15617,0,0,0,4,1620579195,150468,150468,1310,1310,0,0,0
wlp1s0,0,0,0,0,0,0,0,4,1620579195,0,0,0,0,0,0,0
br-60d9c712ffd0,0,0,0,0,0,0,0,4,1620579195,0,0,0,0,0,0,0
docker0,0,0,0,0,0,0,0,4,1620579195,0,0,0,0,0,0,0
enx00e04c6acbf8,16403787,177839177,91751,189888,0,0,0,4,1620579195,6658460,43031043,35227,53807,0,0,0
lo,1626094,1626094,15629,15629,0,0,0,4,1620579315,151842,151842,1322,1322,0,0,0
wlp1s0,0,0,0,0,0,0,0,4,1620579315,0,0,0,0,0,0,0
br-60d9c712ffd0,0,0,0,0,0,0,0,4,1620579315,0,0,0,0,0,0,0
docker0,0,0,0,0,0,0,0,4,1620579315,0,0,0,0,0,0,0
enx00e04c6acbf8,16484798,179544838,92482,191407,0,0,0,4,1620579315,6739471,44736704,35958,55326,0,0,0
lo,1628977,1628977,15655,15655,0,0,0,4,1620579435,154725,154725,1348,1348,0,0,0
wlp1s0,0,0,0,0,0,0,0,4,1620579435,0,0,0,0,0,0,0
br-60d9c712ffd0,0,0,0,0,0,0,0,4,1620579435,0,0,0,0,0,0,0
docker0,0,0,0,0,0,0,0,4,1620579435,0,0,0,0,0,0,0
enx00e04c6acbf8,16542101,179643600,92905,191779,0,0,0,4,1620579435,6796774,44835466,36381,55698,0,0,0
lo,1630648,1630648,15671,15671,0,0,0,4,1620579555,156396,156396,1364,1364,0,0,0
wlp1s0,0,0,0,0,0,0,0,4,1620579555,0,0,0,0,0,0,0
br-60d9c712ffd0,0,0,0,0,0,0,0,4,1620579555,0,0,0,0,0,0,0
docker0,0,0,0,0,0,0,0,4,1620579555,0,0,0,0,0,0,0
enx00e04c6acbf8,16616419,180682811,93536,192874,0,0,0,4,1620579555,6871092,45874677,37012,56793,0,0,0
lo,1632154,1632154,15683,15683,0,0,0,4,1620579675,157902,157902,1376,1376,0,0,0
wlp1s0,0,0,0,0,0,0,0,4,1620579676,0,0,0,0,0,0,0
br-60d9c712ffd0,0,0,0,0,0,0,0,4,1620579676,0,0,0,0,0,0,0
docker0,0,0,0,0,0,0,0,4,1620579676,0,0,0,0,0,0,0
enx00e04c6acbf8,16693105,181712027,94163,193970,0,0,0,4,1620579676,6947778,46903893,37639,57889,0,0,0
lo,1635343,1635343,15713,15713,0,0,0,4,1620579796,161091,161091,1406,1406,0,0,0
wlp1s0,0,0,0,0,0,0,0,4,1620579796,0,0,0,0,0,0,0
br-60d9c712ffd0,0,0,0,0,0,0,0,4,1620579796,0,0,0,0,0,0,0
docker0,0,0,0,0,0,0,0,4,1620579796,0,0,0,0,0,0,0
enx00e04c6acbf8,16784677,182747124,94876,195113,0,0,0,4,1620579796,7039350,47938990,38352,59032,0,0,0
lo,1640104,1640104,15751,15751,0,0,0,4,1620579916,165852,165852,1444,1444,0,0,0
wlp1s0,0,0,0,0,0,0,0,4,1620579916,0,0,0,0,0,0,0
br-60d9c712ffd0,0,0,0,0,0,0,0,4,1620579916,0,0,0,0,0,0,0
docker0,0,0,0,0,0,0,0,4,1620579916,0,0,0,0,0,0,0
enx00e04c6acbf8,16888548,183792283,95574,196253,0,0,0,4,1620579916,7143221,48984149,39050,60172,0,0,0
